{
	"tileGroups":	[
		{
			"name":	"Standard",
			"objects":	[
				{
					"name":	"Bush",
					"hcount":	2,
					"vcount":	2,
					"tiles":	["CAA DAA ", "CAB DAB "]
				}, 
				{
					"name":	"Rooshe",
					"hcount":	2,
					"vcount":	2,
					"tiles":	["B4Ab B5Ab ", "B4Ac B5Ac "]
				}, 
				{
					"name":	"KubolSprout",
					"hcount":	2,
					"vcount":	2,
					"tiles":	["B+AH B/AH ", "B+AI B/AI "]
				}, 
				{
					"name":	"Sign",
					"hcount":	2,
					"vcount":	2,
					"tiles":	["QAA RAA ", "QAB RAB "]
				}, 
				{
					"name":	"InsideSign",
					"hcount":	2,
					"vcount":	2,
					"tiles":	["oAW pAW ", "oAX pAX "]
				}, 
				{
					"name":	"Stone",
					"hcount":	2,
					"vcount":	2,
					"tiles":	["CAC DAC ", "CAD DAD "]
				}, 
				{
					"name":	"PushStone",
					"hcount":	2,
					"vcount":	2,
					"tiles":	["0AO 1AO ", "0AP 1AP "]
				}, 
				{
					"name":	"PullStone",
					"hcount":	2,
					"vcount":	2,
					"tiles":	["+Ac /Ac ", "+Ad /Ad "]
				}, 
				{
					"name":	"PushPullStone",
					"hcount":	2,
					"vcount":	2,
					"tiles":	["0AO /Ac ", "+Ad 1AP "]
				}, 
				{
					"name":	"Tree",
					"hcount":	8,
					"vcount":	10,
					"tiles":	["/Af JAA KAA LAA MAA NAA OAA /Af ", "IAB JAB KAB LAB MAB NAB OAB PAB ", "IAC JAC KAC LAC MAC NAC OAC PAC ", "IAD JAD KAD LAD MAD NAD OAD PAD ", "IAE JAE KAE LAE MAE NAE OAE PAE ", "IAF JAF KAF LAF MAF NAF OAF PAF ", "IAG JAG KAG LAG MAG NAG OAG PAG ", "IAH JAH KAH LAH MAH NAH OAH PAH ", "/Af JAI KAI LAI MAI NAI OAI /Af ", "/Af /Af KAJ LAJ MAJ NAJ /Af /Af "]
				}, 
				{
					"name":	"RedTree",
					"hcount":	8,
					"vcount":	10,
					"tiles":	["fAf hAI iAI jAI kAI lAI mAI fAf ", "gAJ hAJ iAJ jAJ kAJ lAJ mAJ nAJ ", "gAK hAK iAK jAK kAK lAK mAK nAK ", "gAL hAL iAL jAL kAL lAL mAL nAL ", "gAM hAM iAM jAM kAM lAM mAM nAM ", "gAN hAN iAN jAN kAN lAN mAN nAN ", "IAG hAO iAO jAO kAO lAO mAO PAG ", "IAH JAH KAH lAb mAb NAH OAH PAH ", "fAf JAI KAI LAI MAI NAI OAI /Af ", "fAf fAf KAJ LAJ MAJ NAJ /Af /Af "]
				}, 
				{
					"name":	"GoldTree",
					"hcount":	8,
					"vcount":	10,
					"tiles":	["fAf hAP iAP jAP kAP lAP mAP fAf ", "gAQ hAQ iAQ jAQ kAQ lAQ mAQ nAQ ", "gAR hAR iAR jAR kAR lAR mAR nAR ", "gAS hAS iAS jAS kAS lAS mAS nAS ", "gAT hAT iAT jAT kAT lAT mAT nAT ", "gAU hAU iAU jAU kAU lAU mAU nAU ", "IAG hAV iAV jAV kAV lAV mAV PAG ", "IAH JAH KAH lAc mAc NAH OAH PAH ", "fAf JAI KAI LAI MAI NAI OAI /Af ", "fAf fAf KAJ LAJ MAJ NAJ /Af /Af "]
				}, 
				{
					"name":	"House",
					"hcount":	13,
					"vcount":	14,
					"tiles":	["E BAE CAE DAE DAE DAE DAE DAE DAE FAE GAE HAE PAf ", "F BAF CAF DAF EAF EAF EAF EAF DAF FAF BAF HAF CAH ", "F BAF CAF EAF EAF EAF EAF EAF EAF FAF BAF HAF CAI ", "F BAF CAF EAF EAF EAF EAF EAF EAF FAF BAF HAF CAI ", "F BAF CAF EAF EAF EAF EAF EAF EAF FAF BAF HAF CAI ", "F BAF CAF DAF EAF EAF EAF EAF DAF FAF BAF HAF CAI ", "F BAG CAG DAG DAG DAG DAG DAG DAG GAF EAK FAK CAI ", "F BAH BAF BAF BAF BAF BAF BAF BAF BAF EAL FAK CAI ", "I BAI BAF BAF EAG FAG GAG HAG BAF BAF EAM FAM CAI ", "J BAJ BAJ BAJ EAH FAH GAH HAH BAJ BAJ BAJ DAH CAI ", "K BAK CAK DAK EAI FAI GAI HAI BAK CAK DAK DAI CAI ", "L BAL CAL DAL EAJ FAJ GAJ HAJ BAL CAL DAL DAJ CAJ ", "/Af /Af /Af /Af EAE D BAD EAE /Af /Af /Af /Af /Af ", "/Af /Af /Af /Af D BAD D BAD /Af /Af /Af /Af /Af "]
				}, 
				{
					"name":	"Swamp",
					"hcount":	2,
					"vcount":	2,
					"tiles":	["EAa FAa ", "EAb FAb "]
				}, 
				{
					"name":	"Stone2",
					"hcount":	2,
					"vcount":	2,
					"tiles":	["eAd fAd ", "eAe fAe "]
				}, 
				{
					"name":	"Hole",
					"hcount":	2,
					"vcount":	2,
					"tiles":	["6AS 7AS ", "6AT 7AT "]
				}, 
				{
					"name":	"PlatformNorth",
					"hcount":	2,
					"vcount":	4,
					"tiles":	["OAJ PAJ ", "OAK PAK ", "OAL PAL ", "IAK IAK "]
				}, 
				{
					"name":	"PlatformNorthWest",
					"hcount":	6,
					"vcount":	6,
					"tiles":	["PAf PAf PAf PAf GAM OAJ ", "PAf PAf PAf P GAN OAK ", "PAf PAf P BAP CAP DAP ", "PAf P BAP CAP DAP EAP ", "P BAP CAP DAP EAP FAP ", "BAP CAP DAP EAP FAP PAf "]
				}, 
				{
					"name":	"PlatformNorthEast",
					"hcount":	6,
					"vcount":	6,
					"tiles":	["PAJ NAM PAf PAf MAR MAQ ", "PAK NAN FAQ PAf PAf MAR ", "CAQ DAQ EAQ FAQ PAf PAf ", "BAQ CAQ DAQ EAQ FAQ PAf ", "Q BAQ CAQ DAQ EAQ FAQ ", "PAf Q BAQ CAQ DAQ EAQ "]
				}, 
				{
					"name":	"PlatformEast",
					"hcount":	4,
					"vcount":	2,
					"tiles":	["R BAR CAR DAR ", "R BAS CAS DAS "]
				}, 
				{
					"name":	"PlatformWest",
					"hcount":	4,
					"vcount":	2,
					"tiles":	["CAN DAN EAN FAN ", "CAO DAO EAO FAN "]
				}, 
				{
					"name":	"PlatformSouth",
					"hcount":	2,
					"vcount":	6,
					"tiles":	["JAK JAK ", "JAL KAL ", "JAM KAM ", "JAN KAN ", "JAO KAO ", "JAP KAP "]
				}, 
				{
					"name":	"PlatformEntry West",
					"hcount":	3,
					"vcount":	8,
					"tiles":	["PAf MAO NAO ", "MAO MAP NAP ", "MAP MAK NAK ", "LAL MAL NAL ", "LAM MAM /Af ", "LAN MAN /Af ", "LAO PAf /Af ", "LAP PAf /Af "]
				}, 
				{
					"name":	"PlatformEntry East",
					"hcount":	3,
					"vcount":	8,
					"tiles":	["GAO HAO PAf ", "GAP HAP HAO ", "GAK HAK HAP ", "GAL HAL IAL ", "/Af HAM IAM ", "/Af HAN IAN ", "/Af PAf IAO ", "/Af PAf IAP "]
				}, 
				{
					"name":	"DesertPlatformNorth",
					"hcount":	2,
					"vcount":	6,
					"tiles":	["OAJ PAJ ", "PAI PAI ", "OAK PAK ", "IAJ JAJ ", "OAL PAL ", "KAK KAK "]
				}, 
				{
					"name":	"DesertPlatformWest",
					"hcount":	6,
					"vcount":	2,
					"tiles":	["CAN DAN EAR DAN EAN KAK ", "CAO DAO EAS DAO EAO KAK "]
				}, 
				{
					"name":	"DesertPlatformEast",
					"hcount":	6,
					"vcount":	2,
					"tiles":	["KAK BAR CAR KAa CAR DAR ", "KAK BAS CAS KAb CAS DAS "]
				}, 
				{
					"name":	"BigStone",
					"hcount":	4,
					"vcount":	4,
					"tiles":	["CAW DAW EAW FAW ", "CAX DAX EAX FAX ", "CAY DAY EAY FAY ", "CAZ DAZ EAZ FAZ "]
				}, 
				{
					"name":	"PlatformSouthEdges",
					"hcount":	10,
					"vcount":	6,
					"tiles":	["W BAW IAL NAX KAK KAK OAX LAL OAM DAR ", "X IAN BAX IAL JAL KAL LAL OAN LAN PAN ", "Z Y BAY IAM JAM KAM LAM OAO PAO PAX ", "PAf Z BAZ IAN JAN KAN LAN OAP PAX PAf ", "PAf PAf Z Y JAO KAO PAO PAX PAf PAf ", "PAf PAf PAf Z JAP KAP PAX PAf PAf PAf "]
				}, 
				{
					"name":	"JuleNW",
					"hcount":	3,
					"vcount":	2,
					"tiles":	["B6AY B7AZ B8AZ ", "B6AZ B7Aa B8Aa "]
				}, 
				{
					"name":	"JuleNE",
					"hcount":	3,
					"vcount":	2,
					"tiles":	["B/AZ B8AX B+AZ ", "B/Aa B8AY B+Aa "]
				}, 
				{
					"name":	"JuleSW",
					"hcount":	3,
					"vcount":	3,
					"tiles":	["B6Ac B7Ad B8Ad ", "B6Ad B7Ae B8Ae ", "/Af B7Af B8Af "]
				}, 
				{
					"name":	"JuleSE",
					"hcount":	3,
					"vcount":	3,
					"tiles":	["B/Ad B9AX B7AX ", "B/Ae B9AY B7AY ", "B/Af B6AX /Af "]
				}, 
				{
					"name":	"JuleNorth",
					"hcount":	2,
					"vcount":	2,
					"tiles":	["B9Ab B+Ab ", "B9Ac B+Ac "]
				}, 
				{
					"name":	"JuleSouth",
					"hcount":	2,
					"vcount":	3,
					"tiles":	["B9Ad B+Ad ", "B9Ae B+Ae ", "B9Af B+Af "]
				}, 
				{
					"name":	"JuleEast",
					"hcount":	3,
					"vcount":	2,
					"tiles":	["B/Ac B9Aa B+AY ", "B/Ab B9AZ B+AX "]
				}, 
				{
					"name":	"JuleWest",
					"hcount":	3,
					"vcount":	2,
					"tiles":	["B6Aa B7Ab B8Ab ", "B6Aa B7Ab B8Ab "]
				}, 
				{
					"name":	"JuleINW",
					"hcount":	3,
					"vcount":	2,
					"tiles":	["B9AV B+AV B/AY ", "B9AW B+AW KAK "]
				}, 
				{
					"name":	"JuleINE",
					"hcount":	3,
					"vcount":	2,
					"tiles":	["B6AW B7AV B8AV ", "KAK B7AW B8AW "]
				}, 
				{
					"name":	"JuleISW",
					"hcount":	3,
					"vcount":	3,
					"tiles":	["B/AU B/AV KAK ", "B8AT B/AW KAK ", "B8AU B9AU B/AX "]
				}, 
				{
					"name":	"JuleISE",
					"hcount":	3,
					"vcount":	3,
					"tiles":	["KAK B9AT B+AU ", "KAK B6AT B7AT ", "B6AV B6AU B7AU "]
				}, 
				{
					"name":	"BomyStatue",
					"hcount":	3,
					"vcount":	3,
					"tiles":	["B7AG B8AG B9AG ", "B7AH B8AH B9AH ", "B7AI B8AI B9AI "]
				}, 
				{
					"name":	"Statue",
					"hcount":	4,
					"vcount":	6,
					"tiles":	["a BAa CAa DAa ", "b BAb CAb DAb ", "c BAc CAc DAc ", "d BAd CAd DAd ", "e BAe CAe DAe ", "f BAf CAf DAf "]
				}, 
				{
					"name":	"Stake",
					"hcount":	2,
					"vcount":	2,
					"tiles":	["KAU LAU ", "KAV LAV "]
				}, 
				{
					"name":	"Slab",
					"hcount":	6,
					"vcount":	8,
					"tiles":	["PAf PAU MAU NAU MAW PAf ", "PAU PAV MAV NAV LAW MAW ", "OAV NAV PAW NAV PAW NAW ", "JAa KAW NAV OAW NAV NAW ", "KAY KAX KAW NAV PAW NAW ", "PAf KAY KAX KAW NAV NAW ", "PAf PAf KAY KAX LAX MAX ", "PAf PAf PAf KAY LAY MAY "]
				}, 
				{
					"name":	"StonePlatform",
					"hcount":	4,
					"vcount":	4,
					"tiles":	["8AU 9AU +AU /AU ", "8AV 9AV +AV /AV ", "8AW 9AW +AW /AW ", "8AX 9AX +AX /AX "]
				}, 
				{
					"name":	"GrassWaterHole",
					"hcount":	6,
					"vcount":	5,
					"tiles":	["/Af GAb EAc FAc HAd PAf ", "GAb GAc OAY OAY HAe HAd ", "EAe OAY FAf EAf OAY LAb ", "GAa GAZ OAY OAY HAb HAc ", "PAf GAa GAf HAf HAc PAf "]
				}, 
				{
					"name":	"GrassHole",
					"hcount":	6,
					"vcount":	5,
					"tiles":	["PAf GAX GAW HAW HAX /Af ", "GAX GAY LAK NAS HAY HAX ", "HAa NAS LAK NAS KAK HAZ ", "IAY JAY NAS NAS IAW JAW ", "PAf IAY IAX JAX JAW PAf "]
				}, 
				{
					"name":	"DeepWater",
					"hcount":	4,
					"vcount":	4,
					"tiles":	["IAc IAd JAd PAY ", "IAa DAU EAU LAZ ", "IAb CAU CAV LAa ", "JAc IAZ JAZ JAb "]
				}, 
				{
					"name":	"WaterStone",
					"hcount":	2,
					"vcount":	2,
					"tiles":	["FAd GAd ", "FAe GAe "]
				}, 
				{
					"name":	"GrassSand",
					"hcount":	7,
					"vcount":	7,
					"tiles":	["/Af /Af PAT JAK LAR /Af /Af ", "PAf PAT IAT KAK LAQ LAR PAf ", "PAT IAT LAK LAK KAK LAQ LAR ", "R KAK IAA NAS LAK KAK FAN ", "MAR MAQ NAS PAA LAK NAQ NAR ", "PAf MAR MAQ KAK NAQ NAR PAf ", "PAf PAf MAR IAK NAR PAf PAf "]
				}, 
				{
					"name":	"GrassWayHorizontal",
					"hcount":	4,
					"vcount":	2,
					"tiles":	["R KAK KAK FAN ", "R KAK KAK FAN "]
				}, 
				{
					"name":	"GrassWayVertical",
					"hcount":	2,
					"vcount":	4,
					"tiles":	["JAK JAK ", "KAK KAK ", "KAK KAK ", "IAK IAK "]
				}, 
				{
					"name":	"Grave",
					"hcount":	4,
					"vcount":	4,
					"tiles":	["mAC nAC oAC pAC ", "mAD nAD oAD pAD ", "mAE nAE oAE pAE ", "mAF nAF oAF pAF "]
				}, 
				{
					"name":	"GraveYardGround",
					"hcount":	2,
					"vcount":	2,
					"tiles":	["rAA sAA ", "rAB sAB "]
				}, 
				{
					"name":	"Pillar",
					"hcount":	2,
					"vcount":	4,
					"tiles":	["gAD hAD ", "gAE hAE ", "gAF hAF ", "gAG hAG "]
				}, 
				{
					"name":	"StoneFences",
					"hcount":	2,
					"vcount":	2,
					"tiles":	["pAA qAA ", "pAB qAB "]
				}, 
				{
					"name":	"StoneDoor",
					"hcount":	2,
					"vcount":	3,
					"tiles":	["iAD jAD ", "iAE jAE ", "iAF jAF "]
				}, 
				{
					"name":	"TreeStump",
					"hcount":	4,
					"vcount":	4,
					"tiles":	["EAA FAA GAA HAA ", "EAB FAB GAB HAB ", "EAC FAC GAC HAC ", "EAD FAD GAD HAD "]
				}, 
				{
					"name":	"FiveStones",
					"hcount":	4,
					"vcount":	4,
					"tiles":	["GAU HAU GAU HAU ", "GAV IAU JAU HAV ", "GAU IAV JAV HAU ", "GAV HAV GAV HAV "]
				}, 
				{
					"name":	"Cathedral",
					"hcount":	16,
					"vcount":	12,
					"tiles":	["tAA uAA vAA wAA tAB uAB tAB uAB xAA yAA xAA yAA zAA 0AA 1AA 2AA ", "tAA uAA vAA wAA tAB uAB tAB uAB xAA yAA xAA yAA zAA 0AA 1AA 2AA ", "tAA uAA vAA wAA tAB uAB vAB wAB xAB yAB xAA yAA zAA 0AA 1AA 2AA ", "tAA uAA vAA wAA tAB uAC vAC wAC xAC yAC zAB yAA zAA 0AA 1AA 2AA ", "tAA uAA vAA wAA tAD uAD vAD wAD xAD yAD zAC 0AC zAA 0AA 1AA 2AA ", "tAA uAA sAC rAD tAE uAE vAE wAE wAE yAE zAD 0AD 1AB tAC 1AA 2AA ", "qAD rAD sAD rAE tAF uAF vAF wAF xAF yAF zAE 0AE 1AC 0AB 1AB 2AB ", "qAE rAE sAE YAH tAG uAG vAG wAG xAG yAG zAF 0AF YAH xAE 1AC 2AC ", "qAF rAF sAF sAI tAH uAH vAH wAH xAH yAH zAG 0AG rAF sAF sAI 1AD ", "qAG rAG sAG sAJ tAI uAI vAI wAI xAI yAI tAI uAI rAG sAG sAJ 1AE ", "qAH rAH sAH sAK tAJ uAJ vAJ wAJ xAJ vAJ tAJ uAJ rAH sAH sAK 1AF ", "fAf fAf fAf fAf tAK uAK vAJ wAJ xAJ vAJ tAK uAK fAf fAf fAf fAf "]
				}, 
				{
					"name":	"WaterNorth",
					"hcount":	2,
					"vcount":	9,
					"tiles":	["eAI fAI ", "eAJ fAJ ", "JAL KAL ", "JAM KAM ", "JAN KAN ", "JAO KAO ", "eAC fAC ", "eAD fAD ", "eAE fAE "]
				}, 
				{
					"name":	"WaterNorthEast",
					"hcount":	8,
					"vcount":	11,
					"tiles":	["ZAD fAf fAf fAf fAf fAf fAf fAf ", "YAD ZAD fAf fAf fAf fAf fAf fAf ", "XAD YAD ZAD fAf fAf fAf fAf fAf ", "IAL XAD YAD ZAD fAf fAf fAf fAf ", "BAX IAL XAD YAD ZAD fAf fAf fAf ", "BAY IAM IAL XAD YAD ZAD fAf fAf ", "BAZ IAN BAX IAL XAD YAD ZAD fAf ", "WAD Y BAY IAM IAL XAD YAD ZAD ", "VAD WAD BAZ IAN BAX IAL XAD YAD ", "UAD VAD WAD Y BAY NAY TAD dAG ", "CAU UAD VAD WAD BAZ SAE TAE dAH "]
				}, 
				{
					"name":	"WaterEast",
					"hcount":	6,
					"vcount":	2,
					"tiles":	["NAc OAc PAc SAD TAD dAG ", "NAd OAd PAd SAE TAE dAH "]
				}, 
				{
					"name":	"WaterNorthWest",
					"hcount":	8,
					"vcount":	10,
					"tiles":	["fAf /Af /Af /Af /Af /Af /Af MAO ", "fAf /Af /Af /Af /Af fAf MAO MAP ", "/Af /Af /Af /Af /Af MAO MAP LAL ", "/Af /Af /Af fAf MAO MAP LAL OAN ", "/Af /Af /Af MAO MAP LAL LAM OAO ", "/Af fAf MAO MAP LAL OAN LAN OAP ", "fAf MAO MAP LAL LAM OAO PAO GAS ", "MAO MAP LAL OAN LAN OAP GAS HAS ", "R BAR HAT OAO PAO GAS HAS IAS ", "R BAS CAS OAP GAS HAS IAS CAU "]
				}, 
				{
					"name":	"WaterEast",
					"hcount":	6,
					"vcount":	2,
					"tiles":	["GAQ BAR CAR HAQ IAQ JAQ ", "GAR BAS CAS HAR IAR JAR "]
				}, 
				{
					"name":	"WaterStairs",
					"hcount":	4,
					"vcount":	6,
					"tiles":	["QAM RAM SAM TAM ", "QAM RAM SAM TAM ", "QAM RAM SAM TAM ", "QAN RAN SAN TAN ", "QAO RAO SAO TAO ", "QAP RAP SAP TAP "]
				}, 
				{
					"name":	"WaterNorthEast2",
					"hcount":	7,
					"vcount":	4,
					"tiles":	["NAd OAd PAd SAE TAE dAH ZAD ", "NAc OAc PAc NAa IAL XAD YAD ", "NAd OAd PAd IAN BAX IAL XAD ", "UAD VAD WAD Y BAY IAM IAL "]
				}, 
				{
					"name":	"WaterSouth",
					"hcount":	2,
					"vcount":	6,
					"tiles":	["OAQ PAQ ", "OAR PAR ", "OAS PAS ", "OAL PAL ", "JAS KAS ", "JAT KAT "]
				}, 
				{
					"name":	"WaterSouthWest",
					"hcount":	2,
					"vcount":	9,
					"tiles":	["DAT CAU ", "CAT DAT ", "BAT CAT ", "DAQ BAT ", "CAQ DAQ ", "T CAQ ", "KAQ T ", "KAR KAQ ", "fAf KAR "]
				}, 
				{
					"name":	"WaterSouthEast",
					"hcount":	7,
					"vcount":	7,
					"tiles":	["cAc dAc dAb CAP DAP gAA gAB ", "dAc dAb CAP DAP gAA gAB gAC ", "dAb CAP DAP gAA gAB gAC /Af ", "CAP DAP gAA gAB gAC /Af /Af ", "OAL gAA gAB gAC /Af /Af /Af ", "JAS gAB gAC /Af /Af A BAA ", "JAT gAC /Af /Af /Af /Af /Af "]
				}, 
				{
					"name":	"DesertPillar",
					"hcount":	6,
					"vcount":	8,
					"tiles":	["KAK KAK KAK KAK KAK KAK ", "KAK MAc OAe PAe dAD KAK ", "MAc MAe OAZ PAZ dAE dAD ", "MAd CAP cAd dAd DAQ dAF ", "MAa BAW cAe dAe OAM PAM ", "MAb IAN JAN KAN LAN PAN ", "MAZ Y JAO KAO PAO PAP ", "KAK MAZ DAV EAV PAP KAK "]
				}, 
				{
					"name":	"BridgeHorizontal",
					"hcount":	14,
					"vcount":	13,
					"tiles":	["iAA jAA kAA kAA kAA kAA kAA kAA kAA kAA kAA kAA kAA lAA ", "iAB jAB kAB kAB kAB jAB kAB kAB jAB kAB kAB kAB jAB lAB ", "hAC kAD kAD kAD kAD kAD kAD kAD kAD kAD kAD kAD kAD lAC ", "hAC kAD kAD kAD kAD kAD kAD kAD kAD kAD kAD kAD kAD lAC ", "hAC kAD kAD kAD kAD kAD kAD kAD kAD kAD kAD kAD kAD lAC ", "hAC kAD kAD kAD kAD kAD kAD kAD kAD kAD kAD kAD kAD lAC ", "hAC kAD kAD kAD kAD kAD kAD kAD kAD kAD kAD kAD kAD lAC ", "kAE jAA kAA kAA kAA jAA kAA jAA jAA kAA kAA kAA jAA lAE ", "iAC jAC kAC kAC kAC jAC kAC kAC jAC kAC kAC kAC jAC mAA ", "dAI BAS CAS nAA oAA nAA oAA nAA oAA nAA oAA SAE TAE lAF ", "GAQ BAR CAR HAQ IAQ JAQ eAD fAD NAc OAc PAc SAD TAD dAG ", "GAR BAS CAS HAR IAR JAR OAa PAa NAd OAd PAd SAE TAE dAH ", "cAI BAR CAR HAQ IAQ JAQ FAe GAe NAc OAc PAc SAD TAD dAG "]
				}, 
				{
					"name":	"BridgeVertical",
					"hcount":	14,
					"vcount":	10,
					"tiles":	["QAC RAC fAf fAf fAf fAf fAf fAf fAf fAf fAf fAf QAC RAC ", "QAD RAD SAA UAA TAA YAA cAA dAA UAA XAA YAA XAA QAD RAD ", "QAE RAE SAA TAA WAA VAA eAA fAA ZAA WAA XAA YAA QAE RAE ", "QAE RAE SAA UAA VAA WAA eAB fAB WAA ZAA YAA XAA QAE RAE ", "QAE RAE SAA VAA WAA WAA aAA bAA WAA WAA ZAA YAA QAE RAE ", "QAE RAE SAA UAA VAA WAA cAA dAA WAA ZAA WAA XAA QAE RAE ", "QAE RAE SAA TAA WAA VAA eAA fAA ZAA WAA XAA YAA QAE RAE ", "QAF RAF SAA UAA VAA WAA eAB fAB WAA ZAA YAA XAA QAF RAF ", "QAG RAG SAA TAA UAA TAA cAA dAA XAA YAA XAA YAA QAG RAG ", "QAH RAH fAf fAf fAf fAf fAf fAf fAf fAf fAf fAf QAH RAH "]
				}, 
				{
					"name":	"CaveEntry",
					"hcount":	4,
					"vcount":	4,
					"tiles":	["XAG YAG ZAG aAG ", "XAH YAH YAH aAH ", "XAI YAH YAH aAI ", "XAJ YAJ ZAJ aAJ "]
				}, 
				{
					"name":	"Waterfalls",
					"hcount":	10,
					"vcount":	6,
					"tiles":	["yAJ zAJ yAJ zAJ yAJ zAJ yAJ zAJ yAJ zAJ ", "iAG jAG kAG jAG kAG jAG kAG jAG kAG jAH ", "lAG mAG nAG oAG nAG oAG nAG oAG kAH lAH ", "CAS pAG nAG oAG nAG oAG nAG oAG mAH DAO ", "CAR gAH hAH iAH hAH iAH hAH iAH nAH DAN ", "CAS HAR IAR JAR nAB oAB NAd OAd PAd DAO "]
				}, 
				{
					"name":	"SkullHouse",
					"hcount":	13,
					"vcount":	14,
					"tiles":	["E BAE CAE DAE DAE DAE DAE DAE DAE FAE GAE HAE /Af ", "F BAF CAF DAF EAF EAF EAF EAF DAF FAF BAF HAF CAH ", "F BAF CAF EAF EAF EAF EAF EAF EAF FAF BAF HAF CAI ", "F BAF CAF EAF EAF EAF EAF EAF EAF FAF BAF HAF CAI ", "F BAF CAF EAF EAF EAF EAF EAF EAF FAF BAF HAF CAI ", "F BAF CAF DAF EAF EAF EAF EAF DAF FAF BAF HAF CAI ", "F BAG CAG DAG 2AD 3AD 4AD 5AD DAG GAF EAK FAK CAI ", "F BAH BAF BAF 2AE 3AE 4AE 5AE BAF BAF EAL FAK CAI ", "I BAI BAF BAF EAG FAG GAG HAG BAF BAF EAM FAM CAI ", "J BAJ BAJ BAJ EAH FAH GAH HAH BAJ BAJ BAJ DAH CAI ", "SAK TAK TAK TAK EAI dAB dAB HAI TAK TAK TAK UAK CAI ", "SAL TAL QAI RAI EAJ dAC dAC HAJ QAI RAI TAL UAL CAJ ", "/Af /Af QAJ RAJ EAE D BAD EAE QAJ RAJ /Af /Af /Af ", "/Af /Af QAK RAK D BAD D BAD QAK RAK /Af /Af /Af "]
				}, 
				{
					"name":	"ChimneyHouse",
					"hcount":	13,
					"vcount":	12,
					"tiles":	["3AA 4AA 4AA 4AA 4AA 4AA 4AA 4AA 4AA 4AA 4AA 5AA fAf ", "3AB 4AB 8AH 9AH +AH /AH 4AB 4AB 4AB 4AB 4AB 5AB CAH ", "3AB 4AB 8AI 9AI +AI /AI 4AB 4AB 4AB 4AB 4AB 5AB CAI ", "3AB 4AB 8AJ 9AJ +AJ /AJ 4AB 4AB 4AB 4AB 4AB 5AB CAI ", "3AB 4AB 4AB 4AB 4AB 4AB 4AB 4AB 4AB 4AB 4AB 5AB CAI ", "3AB 4AB 4AB 4AB 4AB 4AB 4AB 4AB 4AB 4AB 4AB 5AB CAI ", "3AB 4AB 4AB 4AB 8AA 9AA +AA /AA 4AB 4AB 4AB 5AB CAI ", "6AA 8AB 8AB 8AB EAH FAH GAH HAH 8AB 8AB 8AB 7AA CAI ", "SAK TAK TAK TAK EAI FAI GAI HAI zAH zAH zAH UAK CAI ", "SAL TAL TAL TAL EAJ FAJ GAJ HAJ zAI zAI zAI UAL CAJ ", "fAf fAf /Af /Af EAE D BAD EAE /Af /Af /Af /Af /Af ", "fAf fAf /Af /Af D BAD D BAD /Af /Af /Af /Af /Af "]
				}, 
				{
					"name":	"Well",
					"hcount":	4,
					"vcount":	4,
					"tiles":	["5AG 5AH 6AH 7AH ", "5AI YAH YAH 7AI ", "5AI YAH YAH 7AI ", "6AI 5AJ 6AJ 7AJ "]
				}, 
				{
					"name":	"WateringPlace",
					"hcount":	4,
					"vcount":	3,
					"tiles":	["7AE 8AE 9AE +AE ", "7AF 8AF 9AF +AF ", "7AG 8AG 9AG +AG "]
				}, 
				{
					"name":	"TreeHouse",
					"hcount":	8,
					"vcount":	12,
					"tiles":	["oAL pAL qAL qAL rAL rAL sAL tAL ", "oAM BAF pAM qAM rAM sAM BAF tAM ", "F BAF pAN qAN rAN sAN BAF HAF ", "F BAF pAO qAO rAO sAO BAF HAF ", "F pAP qAP rAP sAP tAN uAN HAF ", "oAQ pAQ qAQ rAQ sAQ tAO uAO uAL ", "oAR pAR EAH FAH GAH HAH qAR rAR ", "oAS pAS EAI FAI GAI HAI qAS rAS ", "IAG oAN EAJ FAJ GAJ HAJ uAM PAG ", "IAH JAH KAH pAK qAK NAH OAH PAH ", "/Af JAI KAI nAO oAO NAI OAI /Af ", "/Af /Af KAJ nAP oAP NAJ /Af /Af "]
				}, 
				{
					"name":	"GreenFences",
					"hcount":	6,
					"vcount":	3,
					"tiles":	["yAK xAK xAK xAK xAK zAK ", "yAM xAL xAL xAL xAL zAM ", "yAN xAM xAM xAM xAM zAN "]
				}, 
				{
					"name":	"BlueHouse",
					"hcount":	13,
					"vcount":	12,
					"tiles":	["gAW hAW iAW jAW jAW jAW jAW jAW jAW lAW mAW nAW fAf ", "gAX hAX iAX jAX kAX kAX kAX kAX jAX lAX hAX hAZ CAH ", "gAX hAX iAX kAX kAX kAX kAX kAX kAX lAX hAX hAZ CAI ", "gAX hAX iAX jAX kAX kAX kAX kAX jAX lAX hAX hAZ CAI ", "gAX hAY iAY jAY jAY jAY jAY jAY jAY mAX gAY hAZ CAI ", "gAX iAZ hAX hAX hAX hAX hAX hAX hAX hAX gAZ hAZ CAI ", "gAV iAa hAX hAX kAY lAY mAY nAY hAX hAX gAa hAa CAI ", "J BAJ BAJ BAJ EAH FAH GAH HAH BAJ BAJ BAJ DAH CAI ", "K BAK CAK DAK EAI FAI GAI HAI BAK CAK DAK DAI CAI ", "L BAL CAL DAL EAJ FAJ GAJ HAJ BAL CAL DAL DAJ CAJ ", "fAf fAf fAf fAf EAE D BAD EAE fAf fAf fAf fAf fAf ", "fAf fAf fAf fAf D BAD D BAD fAf fAf fAf fAf fAf "]
				}, 
				{
					"name":	"VillageWayHorizontal",
					"hcount":	6,
					"vcount":	2,
					"tiles":	["/AG /AF 5AK 6AK 7AL /AG ", "/AG /AE 5AL 6AL 7AK /AG "]
				}, 
				{
					"name":	"VillageWayVertical",
					"hcount":	2,
					"vcount":	6,
					"tiles":	["/AG /AG ", "7AK /AE ", "5AK 6AK ", "5AL 6AL ", "7AL /AF ", "/AG /AG "]
				}, 
				{
					"name":	"BlueBarrel",
					"hcount":	2,
					"vcount":	3,
					"tiles":	["vAK wAK ", "vAL wAL ", "vAM wAM "]
				}, 
				{
					"name":	"RedLittle Tree",
					"hcount":	4,
					"vcount":	4,
					"tiles":	["8AO 9AO +AO /AO ", "8AP 9AP +AP /AP ", "8AQ 9AQ +AQ /AQ ", "8AN 9AN +AN /AN "]
				}, 
				{
					"name":	"GreenLittle Tree",
					"hcount":	4,
					"vcount":	4,
					"tiles":	["8AK 9AK +AK /AK ", "8AL 9AL +AL /AL ", "8AM 9AM +AM /AM ", "8AN 9AN +AN /AN "]
				}, 
				{
					"name":	"Carpet+Vases",
					"hcount":	11,
					"vcount":	6,
					"tiles":	["vAN wAN wAN wAN wAN wAN wAN wAN wAN wAN xAN ", "vAO tAP uAP tAP uAP wAO wAO wAO wAO wAO xAO ", "vAO tAQ uAQ tAQ uAQ wAO wAO wAO wAO wAO xAO ", "vAO tAP uAP tAP uAP wAO wAO wAO wAO wAO xAO ", "vAO tAQ uAQ tAQ uAQ wAO wAO wAO wAO wAO xAO ", "vAP wAP wAP wAP wAP wAP wAP wAP wAP wAP xAP "]
				}, 
				{
					"name":	"Letterbox",
					"hcount":	2,
					"vcount":	3,
					"tiles":	["gAb hAb ", "gAc hAc ", "gAd hAd "]
				}, 
				{
					"name":	"AlienGround",
					"hcount":	2,
					"vcount":	2,
					"tiles":	["BAAC BBAC ", "BAAD BBAD "]
				}, 
				{
					"name":	"AlienCrystal",
					"hcount":	2,
					"vcount":	2,
					"tiles":	["BAAA BBAA ", "BAAB BBAB "]
				}, 
				{
					"name":	"AlienPipe",
					"hcount":	2,
					"vcount":	2,
					"tiles":	["BAAE BBAE ", "BAAF BBAF "]
				}, 
				{
					"name":	"MineTop",
					"hcount":	2,
					"vcount":	3,
					"tiles":	["BJAA BKAA ", "BJAB BKAB ", "BJAC BKAC "]
				}, 
				{
					"name":	"MineLeft",
					"hcount":	3,
					"vcount":	2,
					"tiles":	["BEAB BFAB BGAB ", "BEAC BFAC BGAC "]
				}, 
				{
					"name":	"MineBottom",
					"hcount":	2,
					"vcount":	3,
					"tiles":	["BHAA BIAA ", "BHAB BIAB ", "BHAC BIAC "]
				}, 
				{
					"name":	"MineRight",
					"hcount":	3,
					"vcount":	2,
					"tiles":	["BLAA BMAA BNAA ", "BLAB BMAB BNAB "]
				}, 
				{
					"name":	"MineLeftTop",
					"hcount":	3,
					"vcount":	3,
					"tiles":	["BEAC BJAA BKAA ", "BEAB BGAA BKAB ", "BEAC BFAC BGAC "]
				}, 
				{
					"name":	"MineRightTop",
					"hcount":	3,
					"vcount":	3,
					"tiles":	["BJAA BKAA BJAA ", "BJAB BOAA BNAA ", "BJAC BMAB BNAB "]
				}, 
				{
					"name":	"MineLeftBottom",
					"hcount":	3,
					"vcount":	3,
					"tiles":	["BEAB BFAB BIAA ", "BEAC BOAB BIAB ", "BIAC BHAC BIAC "]
				}, 
				{
					"name":	"MineRightBottom",
					"hcount":	3,
					"vcount":	3,
					"tiles":	["BHAA BMAA BNAA ", "BHAB BPAA BNAB ", "BHAC BIAC BNAA "]
				}, 
				{
					"name":	"MineGround",
					"hcount":	4,
					"vcount":	4,
					"tiles":	["VAU VAU VAU VAU ", "VAU VAU VAU VAU ", "VAU VAU VAU VAU ", "VAU VAU VAU VAU "]
				}, 
				{
					"name":	"IceMineTop",
					"hcount":	2,
					"vcount":	3,
					"tiles":	["ByAS BzAS ", "ByAT BzAT ", "ByAU BzAU "]
				}, 
				{
					"name":	"IceMineLeft",
					"hcount":	3,
					"vcount":	2,
					"tiles":	["BsAW BtAW BuAW ", "BsAX BtAX BuAX "]
				}, 
				{
					"name":	"IceMineBottom",
					"hcount":	2,
					"vcount":	3,
					"tiles":	["ByAV BzAV ", "ByAW BzAW ", "ByAX BzAX "]
				}, 
				{
					"name":	"IceMineRight",
					"hcount":	3,
					"vcount":	2,
					"tiles":	["BvAW BwAW BxAW ", "BvAX BwAX BxAX "]
				}, 
				{
					"name":	"IceMineLeftTop",
					"hcount":	3,
					"vcount":	3,
					"tiles":	["BsAX ByAS BzAS ", "BsAW BoAV BzAT ", "BsAX BtAX BuAX "]
				}, 
				{
					"name":	"IceMineRightTop",
					"hcount":	3,
					"vcount":	3,
					"tiles":	["ByAS BzAS ByAS ", "ByAT BqAV BxAW ", "ByAU BwAX BxAX "]
				}, 
				{
					"name":	"IceMineLeftBottom",
					"hcount":	3,
					"vcount":	3,
					"tiles":	["BsAW BtAW BzAV ", "BsAX BpAV BzAW ", "BsAW ByAX BzAX "]
				}, 
				{
					"name":	"IceMineRightBottom",
					"hcount":	3,
					"vcount":	3,
					"tiles":	["ByAV BwAW BxAW ", "ByAW BrAV BxAX ", "ByAX BzAX ByAX "]
				}]
		}, 
		{
			"name":	"House Inside",
			"objects":	[
				{
					"name":	"Blackness",
					"hcount":	2,
					"vcount":	2,
					"tiles":	["YAH YAH ", "YAH YAH "]
				}, 
				{
					"name":	"Vase",
					"hcount":	2,
					"vcount":	2,
					"tiles":	["cAK dAK ", "cAL dAL "]
				}, 
				{
					"name":	"Barrel",
					"hcount":	2,
					"vcount":	3,
					"tiles":	["4AR 5AR ", "4AS 5AS ", "4AT 5AT "]
				}, 
				{
					"name":	"Bed",
					"hcount":	4,
					"vcount":	5,
					"tiles":	["UAM VAM WAM XAM ", "UAN VAN WAN XAN ", "UAN VAN WAN XAN ", "UAN VAN WAN XAN ", "UAO VAO VAO XAO "]
				}, 
				{
					"name":	"Table",
					"hcount":	6,
					"vcount":	4,
					"tiles":	["YAM ZAM aAM ZAM aAM bAK ", "YAN ZAN aAN ZAN aAN bAL ", "YAN ZAN aAN ZAN aAN bAL ", "YAO ZAO aAO ZAO aAO bAM "]
				}, 
				{
					"name":	"DiningTable",
					"hcount":	6,
					"vcount":	4,
					"tiles":	["YAM ZAM vAW wAW aAM bAK ", "YAN uAX vAX wAX xAX bAL ", "YAN ZAN aAN ZAN aAN bAL ", "YAO ZAO aAO ZAO aAO bAM "]
				}, 
				{
					"name":	"Meal",
					"hcount":	2,
					"vcount":	2,
					"tiles":	["BOAD BPAD ", "vAX wAX "]
				}, 
				{
					"name":	"Chair",
					"hcount":	2,
					"vcount":	2,
					"tiles":	["ZAK aAK ", "ZAL aAL "]
				}, 
				{
					"name":	"OutsideChair",
					"hcount":	3,
					"vcount":	2,
					"tiles":	["2AH 3AH 4AH ", "2AI 3AI 4AI "]
				}, 
				{
					"name":	"Shelves",
					"hcount":	6,
					"vcount":	4,
					"tiles":	["QAU RAU SAU RAU SAU TAU ", "QAV RAV SAV RAV SAV TAV ", "QAW RAW SAW RAW SAW TAW ", "QAX RAX SAX RAX SAX TAX "]
				}, 
				{
					"name":	"HouseDoorSouth",
					"hcount":	4,
					"vcount":	3,
					"tiles":	["UAT VAT VAT WAT ", "UAU VAU VAU WAU ", "UAV VAV WAV XAV "]
				}, 
				{
					"name":	"HouseGround",
					"hcount":	2,
					"vcount":	2,
					"tiles":	["eAK fAK ", "fAK eAK "]
				}, 
				{
					"name":	"HousePillarNorth",
					"hcount":	2,
					"vcount":	2,
					"tiles":	["cAM dAM ", "cAN dAN "]
				}, 
				{
					"name":	"HousePillarSouth",
					"hcount":	2,
					"vcount":	2,
					"tiles":	["iAe jAe ", "iAf jAf "]
				}, 
				{
					"name":	"HousePillarWest",
					"hcount":	2,
					"vcount":	2,
					"tiles":	["kAe lAe ", "kAf lAf "]
				}, 
				{
					"name":	"HousePillarEast",
					"hcount":	2,
					"vcount":	2,
					"tiles":	["gAe hAe ", "gAf hAf "]
				}, 
				{
					"name":	"Lamp",
					"hcount":	2,
					"vcount":	4,
					"tiles":	["+AY /AY ", "+AZ /AZ ", "+Aa /Aa ", "+Ab /Ab "]
				}, 
				{
					"name":	"Carpet",
					"hcount":	6,
					"vcount":	6,
					"tiles":	["sAR tAR tAR tAR tAR uAR ", "sAS tAS tAS tAS tAS uAS ", "sAS tAS tAS tAS tAS uAS ", "sAS tAS tAS tAS tAS uAS ", "sAS tAS tAS tAS tAS uAS ", "sAT tAT tAT tAT tAT uAT "]
				}, 
				{
					"name":	"HouseWell",
					"hcount":	4,
					"vcount":	4,
					"tiles":	["QAQ RAQ SAQ TAQ ", "QAR RAR SAR TAR ", "QAS RAS SAS TAS ", "QAT RAT SAT TAT "]
				}, 
				{
					"name":	"WashBasin",
					"hcount":	3,
					"vcount":	5,
					"tiles":	["iAb jAb kAb ", "iAc jAc kAc ", "iAc jAc kAc ", "iAc jAc kAc ", "iAd jAd kAd "]
				}, 
				{
					"name":	"Stove",
					"hcount":	6,
					"vcount":	3,
					"tiles":	["tAU uAU vAU wAU xAU yAU ", "tAV uAV vAV wAV xAV yAV ", "tAW uAW uAW xAW xAW yAW "]
				}, 
				{
					"name":	"KitchenGround",
					"hcount":	2,
					"vcount":	2,
					"tiles":	["zAR yAR ", "zAS yAS "]
				}, 
				{
					"name":	"MuckDeep",
					"hcount":	2,
					"vcount":	2,
					"tiles":	["BGAE BHAE ", "BGAF BHAF "]
				}, 
				{
					"name":	"HouseDoorNorth",
					"hcount":	4,
					"vcount":	3,
					"tiles":	["4AU 5AU 6AU 7AU ", "4AV dAB dAB 7AV ", "5AV dAC dAC 7AW "]
				}, 
				{
					"name":	"PubTable",
					"hcount":	8,
					"vcount":	3,
					"tiles":	["zAU 0AU 0AU 1AU 1AU 0AU 0AU 2AU ", "zAV 0AV 0AV 1AV 1AV 0AV 0AV 2AV ", "zAW 0AW 0AW 0AW 0AW 0AW 0AW 3AV "]
				}, 
				{
					"name":	"HouseDoorWest",
					"hcount":	3,
					"vcount":	4,
					"tiles":	["vAQ wAQ xAQ ", "vAR VAU wAR ", "vAS VAU wAR ", "vAT wAT xAT "]
				}, 
				{
					"name":	"HouseDoorEast",
					"hcount":	3,
					"vcount":	4,
					"tiles":	["yAQ zAQ 0AQ ", "xAR VAU 0AR ", "xAR VAU 0AS ", "yAT zAT 0AT "]
				}, 
				{
					"name":	"BookShelf",
					"hcount":	6,
					"vcount":	4,
					"tiles":	["1AQ 2AQ 2AQ 2AQ 2AQ 3AQ ", "1AR 2AR 2AR 2AR 2AR 3AR ", "1AS 2AS 2AS 3AU 2AS 3AS ", "1AT 2AT 2AT 2AT 2AT 3AT "]
				}, 
				{
					"name":	"ButterflyCage",
					"hcount":	2,
					"vcount":	2,
					"tiles":	["yAO zAO ", "yAP zAP "]
				}, 
				{
					"name":	"WallN",
					"hcount":	2,
					"vcount":	4,
					"tiles":	["fAL fAL ", "fAM eAM ", "fAN eAN ", "WAO WAO "]
				}, 
				{
					"name":	"WallW",
					"hcount":	4,
					"vcount":	2,
					"tiles":	["dAO eAP fAP bAN ", "dAO eAO fAO bAN "]
				}, 
				{
					"name":	"WallS",
					"hcount":	2,
					"vcount":	4,
					"tiles":	["fAT fAT ", "bAQ aAQ ", "bAR aAR ", "aAS aAS "]
				}, 
				{
					"name":	"WallE",
					"hcount":	4,
					"vcount":	2,
					"tiles":	["aAP bAP cAP dAP ", "aAP bAO cAO dAP "]
				}, 
				{
					"name":	"CornerSW",
					"hcount":	4,
					"vcount":	4,
					"tiles":	["dAO eAP fAP UAX ", "dAO eAO ZAU aAQ ", "dAO YAU bAR aAR ", "XAU aAS aAS aAS "]
				}, 
				{
					"name":	"CornerSE",
					"hcount":	4,
					"vcount":	4,
					"tiles":	["VAX bAP cAP dAP ", "bAQ aAU cAO dAP ", "bAR aAR bAU dAP ", "aAS aAS aAS cAU "]
				}, 
				{
					"name":	"CornerNE",
					"hcount":	4,
					"vcount":	4,
					"tiles":	["fAL fAL fAL cAT ", "fAM eAM bAT dAP ", "fAN aAT cAP dAP ", "VAW bAO cAO dAP "]
				}, 
				{
					"name":	"CornerNW",
					"hcount":	4,
					"vcount":	4,
					"tiles":	["XAT fAL fAL fAL ", "dAO YAT fAM eAM ", "dAO eAP ZAT eAN ", "dAO eAO fAO UAW "]
				}, 
				{
					"name":	"InsideCornerSW",
					"hcount":	4,
					"vcount":	4,
					"tiles":	["aAP bAP cAP BkAZ ", "aAP bAO bAT eAM ", "aAP BvAb fAN eAN ", "BvAd WAO WAO WAO "]
				}, 
				{
					"name":	"InsideCornerSE",
					"hcount":	4,
					"vcount":	4,
					"tiles":	["BlAZ eAP fAP bAN ", "fAM YAT fAO bAN ", "fAN eAN BwAb bAN ", "WAO WAO WAO BwAd "]
				}, 
				{
					"name":	"InsideCornerNE",
					"hcount":	4,
					"vcount":	4,
					"tiles":	["fAT fAT fAT BwAc ", "bAQ aAQ BwAa bAN ", "bAR YAU fAP bAN ", "BlAY eAO fAO bAN "]
				}, 
				{
					"name":	"InsideCornerNW",
					"hcount":	4,
					"vcount":	4,
					"tiles":	["BvAc fAT fAT fAT ", "aAP BvAa bAQ aAQ ", "aAP bAP bAU aAR ", "aAP bAO cAO BkAY "]
				}]
		}, 
		{
			"name":	"Castle",
			"objects":	[
				{
					"name":	"CastleCornerNW",
					"hcount":	7,
					"vcount":	7,
					"tiles":	["BAAU BEAV BEAV BEAV BEAV BEAV BEAV ", "BEAU BAAW BFAW BEAW BFAW BEAW BFAW ", "BEAU BEAX BAAY BFAa BEAa BFAa BEAa ", "BEAU BEAY BEAb BAAa BHAU BGAU BHAU ", "BEAU BEAX BEAc BGAV BAAc BGAZ BGAZ ", "BEAU BEAY BEAb BGAW BGAY BAAe BGAZ ", "BEAU BEAX BEAc BGAV BGAY BGAY BEAe "]
				}, 
				{
					"name":	"CastleCornerNE",
					"hcount":	7,
					"vcount":	7,
					"tiles":	["BEAV BEAV BEAV BEAV BEAV BEAV BBAU ", "BFAW BEAW BFAW BEAW BFAW BBAW BFAU ", "BEAa BFAa BEAa BFAa BBAY BFAX BFAU ", "BHAU BGAU BHAU BBAa BFAb BFAY BFAU ", "BGAZ BGAZ BBAc BHAV BFAc BFAX BFAU ", "BGAZ BBAe BHAY BHAW BFAb BFAY BFAU ", "BFAe BHAY BHAY BHAV BFAc BFAX BFAU "]
				}, 
				{
					"name":	"CastleCornerSE",
					"hcount":	7,
					"vcount":	7,
					"tiles":	["BFAf BHAY BHAY BHAW BFAb BFAY BFAU ", "BHAZ BBAf BHAY BHAV BFAc BFAX BFAU ", "BHAZ BHAZ BBAd BHAW BFAb BFAY BFAU ", "BHAX BGAX BHAX BBAb BFAc BFAX BFAU ", "BEAd BFAd BEAd BFAd BBAZ BFAY BFAU ", "BFAZ BEAZ BFAZ BEAZ BFAZ BBAX BFAU ", "BFAV BFAV BFAV BFAV BFAV BFAV BBAV "]
				}, 
				{
					"name":	"CastleCornerSW",
					"hcount":	7,
					"vcount":	7,
					"tiles":	["BEAU BEAY BEAb BGAW BGAY BGAY BEAf ", "BEAU BEAX BEAc BGAV BGAY BAAf BHAZ ", "BEAU BEAY BEAb BGAW BAAd BHAZ BHAZ ", "BEAU BEAX BEAc BAAb BHAX BGAX BHAX ", "BEAU BEAY BAAZ BFAd BEAd BFAd BEAd ", "BEAU BAAX BFAZ BEAZ BFAZ BEAZ BFAZ ", "BAAV BFAV BFAV BFAV BFAV BFAV BFAV "]
				}, 
				{
					"name":	"CastleWallWest",
					"hcount":	7,
					"vcount":	2,
					"tiles":	["BEAU BEAY BEAb BGAW BGAY BGAY BGAc ", "BEAU BEAX BEAc BGAV BGAY BGAY BGAc "]
				}, 
				{
					"name":	"CastleWallEast",
					"hcount":	7,
					"vcount":	2,
					"tiles":	["BHAc BHAY BHAY BHAV BFAc BFAX BFAU ", "BHAc BHAY BHAY BHAW BFAb BFAY BFAU "]
				}, 
				{
					"name":	"CastleWallNorth",
					"hcount":	2,
					"vcount":	7,
					"tiles":	["BEAV BEAV ", "BEAW BFAW ", "BFAa BEAa ", "BGAU BHAU ", "BGAZ BGAZ ", "BGAZ BGAZ ", "BGAd BGAd "]
				}, 
				{
					"name":	"CastleWallSouth",
					"hcount":	2,
					"vcount":	7,
					"tiles":	["BHAd BHAd ", "BHAZ BHAZ ", "BHAZ BHAZ ", "BGAX BHAX ", "BFAd BEAd ", "BEAZ BFAZ ", "BFAV BFAV "]
				}, 
				{
					"name":	"CastleInsideCorner NW",
					"hcount":	7,
					"vcount":	7,
					"tiles":	["BCAU BEAX BEAb BGAW BGAY BGAY BGAc ", "BEAW BCAW BEAc BGAV BGAY BGAY BGAc ", "BFAa BEAa BCAY BGAW BGAY BGAY BGAc ", "BHAU BGAU BHAU BCAa BGAY BGAY BGAc ", "BGAZ BGAZ BGAZ BGAZ BCAc BGAY BGAc ", "BGAZ BGAZ BGAZ BGAZ BGAZ BCAe BGAc ", "BGAd BGAd BGAd BGAd BGAd BGAd BHAf "]
				}, 
				{
					"name":	"CastleInsideCorner NE",
					"hcount":	7,
					"vcount":	7,
					"tiles":	["BHAc BHAY BHAY BHAV BFAb BFAY BDAU ", "BHAc BHAY BHAY BHAW BFAc BDAW BFAW ", "BHAc BHAY BHAY BHAV BDAY BFAa BEAa ", "BHAc BHAY BHAY BDAa BHAU BGAU BHAU ", "BHAc BHAY BDAc BGAZ BGAZ BGAZ BGAZ ", "BHAc BDAe BGAZ BGAZ BGAZ BGAZ BGAZ ", "BGAf BGAd BGAd BGAd BGAd BGAd BGAd "]
				}, 
				{
					"name":	"CastleInsideCorner SE",
					"hcount":	7,
					"vcount":	7,
					"tiles":	["BGAe BHAd BHAd BHAd BHAd BHAd BHAd ", "BHAc BDAf BHAZ BHAZ BHAZ BHAZ BHAZ ", "BHAc BHAY BDAd BHAZ BHAZ BHAZ BHAZ ", "BHAc BHAY BHAY BDAb BHAX BGAX BHAX ", "BHAc BHAY BHAY BHAV BDAZ BFAd BEAd ", "BHAc BHAY BHAY BHAW BFAb BDAX BFAZ ", "BHAc BHAY BHAY BHAV BFAc BFAX BDAV "]
				}, 
				{
					"name":	"CastleInsideCorner SW",
					"hcount":	7,
					"vcount":	7,
					"tiles":	["BHAd BHAd BHAd BHAd BHAd BHAd BHAe ", "BHAZ BHAZ BHAZ BHAZ BHAZ BCAf BGAc ", "BHAZ BHAZ BHAZ BHAZ BCAd BGAY BGAc ", "BHAX BGAX BHAX BCAb BGAY BGAY BGAc ", "BEAd BFAd BCAZ BGAV BGAY BGAY BGAc ", "BFAZ BCAX BEAb BGAW BGAY BGAY BGAc ", "BCAV BEAX BEAc BGAV BGAY BGAY BGAc "]
				}, 
				{
					"name":	"CastleStairs",
					"hcount":	4,
					"vcount":	4,
					"tiles":	["BIAK BJAK BKAK BLAK ", "BIAL BJAL BKAL BLAL ", "BIAM BJAM BKAM BLAM ", "BIAN BJAN BKAN BLAN "]
				}, 
				{
					"name":	"CastleDoorNorth",
					"hcount":	4,
					"vcount":	3,
					"tiles":	["BMAG BNAG BNAG BOAG ", "BKAI BLAI BLAI BMAI ", "BKAJ BLAJ BLAJ BMAJ "]
				}, 
				{
					"name":	"CastleDoorEast",
					"hcount":	3,
					"vcount":	4,
					"tiles":	["BKAG BLAG BNAK ", "BMAN BJAT BNAL ", "BMAN BJAT BNAL ", "BKAH BLAH BNAM "]
				}, 
				{
					"name":	"CastleDoorSouth",
					"hcount":	4,
					"vcount":	3,
					"tiles":	["BIAI BJAS BJAS BJAI ", "BIAJ BJAT BJAT BJAJ ", "BMAH BMAH BNAH BOAH "]
				}, 
				{
					"name":	"CastleDoorWest",
					"hcount":	3,
					"vcount":	4,
					"tiles":	["BMAK BIAG BJAG ", "BMAL BLAI BNAN ", "BMAL BLAI BNAN ", "BMAM BIAH BJAH "]
				}, 
				{
					"name":	"CastleCurtainWest",
					"hcount":	4,
					"vcount":	2,
					"tiles":	["BKAS BLAS BMAS BNAS ", "BKAT BLAT BMAT BNAT "]
				}, 
				{
					"name":	"CastleCurtainEast",
					"hcount":	4,
					"vcount":	2,
					"tiles":	["BKAU BLAU BMAU BNAU ", "BKAV BLAV BMAV BNAV "]
				}, 
				{
					"name":	"CastlePillar",
					"hcount":	2,
					"vcount":	4,
					"tiles":	["BIAY BJAY ", "BIAZ BJAZ ", "BIAa BJAa ", "BIAb BJAb "]
				}, 
				{
					"name":	"CastlePillarNorth",
					"hcount":	2,
					"vcount":	4,
					"tiles":	["BIAO BJAO ", "BIAP BJAP ", "BIAQ BJAQ ", "BIAR BJAR "]
				}, 
				{
					"name":	"CastlePillarWest",
					"hcount":	4,
					"vcount":	2,
					"tiles":	["BKAO BLAO BMAO BNAO ", "BKAP BLAP BMAP BNAP "]
				}, 
				{
					"name":	"CastlePillarSouth",
					"hcount":	2,
					"vcount":	4,
					"tiles":	["BGAO BHAO ", "BGAP BHAP ", "BGAQ BHAQ ", "BGAR BHAR "]
				}, 
				{
					"name":	"CastlePillarEast",
					"hcount":	4,
					"vcount":	2,
					"tiles":	["BKAQ BLAQ BMAQ BNAQ ", "BKAR BLAR BMAR BNAR "]
				}, 
				{
					"name":	"CastleCarpet",
					"hcount":	2,
					"vcount":	2,
					"tiles":	["BHAT BHAT ", "BHAT BHAT "]
				}, 
				{
					"name":	"CastleCarpetBorder",
					"hcount":	1,
					"vcount":	1,
					"tiles":	["BGAT "]
				}, 
				{
					"name":	"CastleFloorBlue",
					"hcount":	2,
					"vcount":	2,
					"tiles":	["BGAa BHAa ", "BGAb BHAb "]
				}, 
				{
					"name":	"CastleFloorGreen",
					"hcount":	2,
					"vcount":	2,
					"tiles":	["BIAe BJAe ", "BIAf BJAf "]
				}, 
				{
					"name":	"CastleFloorRed",
					"hcount":	2,
					"vcount":	2,
					"tiles":	["BIAc BJAc ", "BIAd BJAd "]
				}, 
				{
					"name":	"CastleFloorYellow",
					"hcount":	2,
					"vcount":	2,
					"tiles":	["BOAL BPAL ", "BOAM BPAM "]
				}, 
				{
					"name":	"CastleFloorSand",
					"hcount":	2,
					"vcount":	2,
					"tiles":	["BGAS BGAS ", "BGAS BGAS "]
				}, 
				{
					"name":	"Marble",
					"hcount":	2,
					"vcount":	2,
					"tiles":	["BOAJ BPAJ ", "BOAK BPAK "]
				}, 
				{
					"name":	"BlueGround",
					"hcount":	2,
					"vcount":	2,
					"tiles":	["BOAN BPAN ", "BOAO BPAO "]
				}]
		}, 
		{
			"name":	"Snow",
			"objects":	[
				{
					"name":	"Snow",
					"hcount":	11,
					"vcount":	13,
					"tiles":	["sAW sAW sAW sAW sAW sAW sAW sAW sAW sAW sAW ", "sAW sAW sAW sAW sAW sAW sAW sAW sAW sAW sAW ", "sAW sAW sAW sAW sAW sAW sAW sAW sAW sAW sAW ", "sAW sAW sAW sAW sAW sAW sAW sAW sAW sAW sAW ", "sAW sAW sAW sAW sAW sAW sAW sAW sAW sAW sAW ", "sAW sAW sAW sAW sAW sAW sAW sAW sAW sAW sAW ", "sAW sAW sAW sAW sAW sAW sAW sAW sAW sAW sAW ", "sAW sAW sAW sAW sAW sAW sAW sAW sAW sAW sAW ", "sAW sAW sAW sAW sAW sAW sAW sAW sAW sAW sAW ", "sAW sAW sAW sAW sAW sAW sAW sAW sAW sAW sAW ", "sAW sAW sAW sAW sAW sAW sAW sAW sAW sAW sAW ", "sAW sAW sAW sAW sAW sAW sAW sAW sAW sAW sAW ", "sAW sAW sAW sAW sAW sAW sAW sAW sAW sAW sAW "]
				}, 
				{
					"name":	"SnowRooshe",
					"hcount":	2,
					"vcount":	2,
					"tiles":	["BzAe B0Ae ", "BzAf B0Af "]
				}, 
				{
					"name":	"SnowSprout",
					"hcount":	2,
					"vcount":	2,
					"tiles":	["B+AJ B/AJ ", "B+AK B/AK "]
				}, 
				{
					"name":	"SnowStone",
					"hcount":	2,
					"vcount":	2,
					"tiles":	["B4AI B5AI ", "B4AJ B5AJ "]
				}, 
				{
					"name":	"SnowBomyStatue",
					"hcount":	3,
					"vcount":	3,
					"tiles":	["B+AF B/AF B+AE ", "B+AG B8AH B/AG ", "B7AI B8AI B9AI "]
				}, 
				{
					"name":	"SnowTreeSmall",
					"hcount":	4,
					"vcount":	4,
					"tiles":	["B0AI B1AI B2AI B3AI ", "B0AJ B1AJ B2AJ B3AJ ", "B0AK B1AK B2AK B3AK ", "B0AL B1AL B2AL B3AL "]
				}, 
				{
					"name":	"SnowTree",
					"hcount":	8,
					"vcount":	10,
					"tiles":	["sAW zAX 0AX 1AX 2AX 3AX 4AX sAW ", "yAY zAY 0AY 1AY 2AY 3AY 4AY 5AY ", "yAZ zAZ 0AZ 1AZ 2AZ 3AZ 4AZ 5AZ ", "yAa zAa 0Aa 1Aa 2Aa 3Aa 4Aa 5Aa ", "yAb zAb 0Ab 1Ab 2Ab 3Ab 4Ab 5Ab ", "yAc zAc 0Ac 1Ac 2Ac 3Ac 4Ac 5Ac ", "yAd zAd 0Ad 1Ad 2Ad 3Ad 4Ad 5Ad ", "yAe zAe 0Ae 1Ae 2Ae 3Ae 4Ae 5Ae ", "sAW zAf 0Af 1Af 2Af 3Af 4Af sAW ", "sAW sAW 6Aa 7Aa 6Ab 7Ab sAW sAW "]
				}, 
				{
					"name":	"SnowChair",
					"hcount":	2,
					"vcount":	2,
					"tiles":	["B3AT B5AT ", "B3AU B5AU "]
				}, 
				{
					"name":	"SnowBench",
					"hcount":	3,
					"vcount":	2,
					"tiles":	["B3AT B4AT B5AT ", "B3AU B4AU B5AU "]
				}, 
				{
					"name":	"SnowTrunk",
					"hcount":	4,
					"vcount":	4,
					"tiles":	["B0AM B1AM B2AM B3AM ", "B0AN B1AN B2AN B3AN ", "B0AO B1AO B2AO B3AO ", "B0AP B1AP B2AP B3AP "]
				}, 
				{
					"name":	"SnowTrunkHole",
					"hcount":	4,
					"vcount":	4,
					"tiles":	["sAW B1AE B3AB sAW ", "B2AE B0AC B3AA B2AD ", "B0AA B4AA B5AA B1AD ", "sAW B0AA B1AD sAW "]
				}, 
				{
					"name":	"SnowSand",
					"hcount":	6,
					"vcount":	6,
					"tiles":	["sAW sAW tAX tAX sAW sAW ", "sAW qAW 3AW 5AW rAW sAW ", "sAV 3AW yAX 3AW 5AX sAU ", "sAV 3AW 3AW 5AW 3AW sAU ", "sAW qAX 5AW 3AW rAX sAW ", "sAW sAW sAX sAX sAW sAW "]
				}, 
				{
					"name":	"SnowSign",
					"hcount":	2,
					"vcount":	2,
					"tiles":	["7Ae 8Ae ", "7Af 8Af "]
				}, 
				{
					"name":	"SnowSwamp",
					"hcount":	2,
					"vcount":	2,
					"tiles":	["BIAD BJAD ", "BIAE BJAE "]
				}, 
				{
					"name":	"SnowBridge",
					"hcount":	12,
					"vcount":	6,
					"tiles":	["8AY 9AY sAW sAW sAW sAW sAW sAW sAW sAW 8AY 9AY ", "8AZ 9AZ 6AX 7AX 6AY 6AZ 7AZ 6AY 7AX 7AY 8AZ 9AZ ", "8Aa 9Aa 6AX 6AY 7AX 7AZ 6AZ 7AX 6AY 7AY 8Aa 9Aa ", "8Ab 9Ab 6AX 7AX 6AY 7AZ 6AZ 6AY 7AX 7AY 8Ab 9Ab ", "8Ac 9Ac 6AX 6AY 7AX 6AZ 7AZ 7AX 6AY 7AY 8Ac 9Ac ", "8Ad 9Ad sAW sAW sAW sAW sAW sAW sAW sAW 8Ad 9Ad "]
				}, 
				{
					"name":	"SnowTownEntrance",
					"hcount":	8,
					"vcount":	7,
					"tiles":	["B4AX B0AX B1AX B2AX B1AX B2AX B3AX B4AX ", "B4AY B0AY B1AY B2AY B1AY B2AY B3AY B4AY ", "B4AY B0AZ B1AZ B4AV B5AV B2AZ B3AZ B4AY ", "B4AY sAW sAW sAW sAW sAW sAW B4AY ", "B4AY sAW sAW sAW sAW sAW sAW B4AY ", "B4AY sAW sAW sAW sAW sAW sAW B4AY ", "B4AZ sAW sAW sAW sAW sAW sAW B4AZ "]
				}, 
				{
					"name":	"SnowStake",
					"hcount":	2,
					"vcount":	2,
					"tiles":	["wAe xAe ", "wAf xAf "]
				}, 
				{
					"name":	"SnowGrass",
					"hcount":	2,
					"vcount":	2,
					"tiles":	["oAa oAb ", "oAb pAa "]
				}, 
				{
					"name":	"SnowHouse",
					"hcount":	13,
					"vcount":	14,
					"tiles":	["qAY rAY sAY tAY tAY tAY tAY tAY tAY vAY wAY xAY sAW ", "qAZ rAZ sAZ tAZ uAZ uAZ uAZ uAZ tAZ vAZ rAZ xAZ sAb ", "qAZ rAZ sAZ uAZ uAZ uAZ uAZ uAZ uAZ vAZ rAZ xAZ sAc ", "qAZ rAZ sAZ uAZ uAZ uAZ uAZ uAZ uAZ vAZ rAZ xAZ sAc ", "qAZ rAZ sAZ uAZ uAZ uAZ uAZ uAZ uAZ vAZ rAZ xAZ sAc ", "qAZ rAZ sAZ tAZ uAZ uAZ uAZ uAZ tAZ vAZ rAZ xAZ sAc ", "qAZ rAa sAa tAa tAa tAa tAa tAa tAa wAZ rAe xAZ sAc ", "qAZ rAb rAZ rAZ rAZ rAZ rAZ rAZ rAZ rAZ rAf xAZ sAc ", "qAc rAc rAZ rAZ uAa vAa wAa xAa rAZ rAZ qAV rAV sAc ", "qAd rAd rAd rAd uAb vAb wAb xAb rAd rAd rAd tAb sAc ", "nAe oAe pAe qAe uAc vAc wAc xAc oAe pAe qAe tAc sAc ", "nAf oAf pAf qAf uAd vAd wAd xAd oAf pAf qAf tAd sAd ", "sAW sAW sAW sAW uAY nAd oAd uAY sAW sAW sAW sAW sAW ", "sAW sAW sAW sAW nAd oAd nAd oAd sAW sAW sAW sAW sAW "]
				}, 
				{
					"name":	"SnowPlatformEdges",
					"hcount":	14,
					"vcount":	15,
					"tiles":	["KAK NAS KAK NAS KAK OAX JAL KAL NAX KAK KAK NAS KAK NAS ", "NAS KAK NAS KAK OAX LAL JAM KAM IAL NAX NAS KAK NAS KAK ", "KAK NAS KAK OAX LAL LAM JAN KAN BAX IAL NAX KAK KAK NAS ", "NAS KAK OAX LAL OAN LAN JAO KAO BAY IAM IAL NAX NAS KAK ", "KAK OAX LAL LAM OAO PAO 6Ac 7Ac Y IAN BAX IAL NAX KAK ", "OAX LAL OAN LAN OAP vAe sAW sAW vAf BAZ BAY IAM IAL NAX ", "BAR HAT OAO PAO vAe sAW sAW sAW sAW vAf Y IAN NAY EAN ", "BAS CAS OAP vAe sAW sAW sAW sAW sAW sAW vAf BAZ DAO EAO ", "BAR CAR 9Ae sAW sAW sAW sAW sAW sAW sAW sAW +Ae DAN EAN ", "BAS CAS 9Af sAW sAW sAW sAW sAW sAW sAW sAW +Af DAO EAO ", "S CAQ DAQ uAe sAW sAW sAW sAW sAW sAW tAe CAP DAP FAL ", "KAK S CAQ DAQ uAe sAW sAW sAW sAW tAe CAP DAP FAL KAK ", "NAS KAK S CAQ DAQ uAe sAW sAW tAe CAP DAP FAL KAK NAS ", "KAK NAS KAK S CAQ dAJ 6Ad 7Ad KAc DAP FAL KAK NAS KAK ", "NAS KAK NAS KAK S PAL OAL PAL OAL FAL KAK NAS KAK NAS "]
				}, 
				{
					"name":	"SnowFences",
					"hcount":	3,
					"vcount":	2,
					"tiles":	["pAb qAa pAb ", "oAc qAb pAc "]
				}, 
				{
					"name":	"SnowGrave",
					"hcount":	4,
					"vcount":	4,
					"tiles":	["BKAc BLAc BMAc BNAc ", "BKAd BLAd BMAd BNAd ", "BKAe BLAe BMAe BNAe ", "BKAf BLAf BMAf BNAf "]
				}, 
				{
					"name":	"SnowGraveYard",
					"hcount":	2,
					"vcount":	2,
					"tiles":	["BOAd BPAd ", "BOAe BPAe "]
				}, 
				{
					"name":	"SnowWaterHole",
					"hcount":	6,
					"vcount":	5,
					"tiles":	["yAf BKAE BIAF BJAF BNAE yAf ", "BKAE BKAF OAY OAY BNAF BNAE ", "BLAE OAY FAf EAf OAY BLAF ", "BKAD BLAD OAY OAY BMAE BMAF ", "yAf BKAD BMAD BNAD BMAF yAf "]
				}, 
				{
					"name":	"SnowWell",
					"hcount":	4,
					"vcount":	4,
					"tiles":	["BOAZ 5AH 6AH BPAZ ", "BOAa YAH YAH BPAa ", "BOAa YAH YAH BPAa ", "BOAb 5AJ 6AJ BPAb "]
				}, 
				{
					"name":	"SnowGreenFences",
					"hcount":	6,
					"vcount":	3,
					"tiles":	["BOAP BPAG BPAG BPAG BPAG BPAP ", "BOAR BPAH BPAH BPAH BPAH BPAR ", "BOAS BPAI BPAI BPAI BPAI BPAS "]
				}, 
				{
					"name":	"SnowCastleCornerNW",
					"hcount":	7,
					"vcount":	7,
					"tiles":	["BsAM BwAN BwAN BwAN BwAN BwAN BwAN ", "BwAM BsAO BxAO BwAO BxAO BwAO BxAO ", "BwAM BwAP BsAQ BxAS BwAS BxAS BwAS ", "BwAM BwAQ BwAT BsAS BtAE BsAE BtAE ", "BwAM BwAP BwAU BsAF BsAU BsAJ BsAJ ", "BwAM BwAQ BwAT BsAG BsAI BsAU BsAJ ", "BwAM BwAP BwAU BsAF BsAI BsAI ByAQ "]
				}, 
				{
					"name":	"SnowCastleCornerNE",
					"hcount":	7,
					"vcount":	7,
					"tiles":	["BwAN BwAN BwAN BwAN BwAN BwAN BtAM ", "BxAO BwAO BxAO BwAO BxAO BtAO BxAM ", "BwAS BxAS BwAS BxAS BtAQ BxAP BxAM ", "BtAE BsAE BtAE BtAS BxAT BxAQ BxAM ", "BsAJ BsAJ BtAU BtAF BxAU BxAP BxAM ", "BsAJ BtAU BtAI BtAG BxAT BxAQ BxAM ", "BzAQ BtAI BtAI BtAF BxAU BxAP BxAM "]
				}, 
				{
					"name":	"SnowCastleCornerSE",
					"hcount":	7,
					"vcount":	7,
					"tiles":	["BzAR BtAI BtAI BtAG BxAT BxAQ BxAM ", "BtAJ BtAV BtAI BtAF BxAU BxAP BxAM ", "BtAJ BtAJ BtAV BtAG BxAT BxAQ BxAM ", "BsAH BtAH BsAH BtAT BxAU BxAP BxAM ", "BxAV BwAV BxAV BwAV BtAR BxAQ BxAM ", "BxAR BwAR BxAR BwAR BxAR BtAP BxAM ", "BxAN BxAN BxAN BxAN BxAN BxAN BtAN "]
				}, 
				{
					"name":	"SnowCastleCornerSW",
					"hcount":	7,
					"vcount":	7,
					"tiles":	["BwAM BwAQ BwAT BsAG BsAI BsAI ByAR ", "BwAM BwAP BwAU BsAF BsAI BsAV BtAJ ", "BwAM BwAQ BwAT BsAG BsAV BtAJ BtAJ ", "BwAM BwAP BwAU BsAT BsAH BtAH BsAH ", "BwAM BwAQ BsAR BwAV BxAV BwAV BxAV ", "BwAM BsAP BxAR BwAR BxAR BwAR BxAR ", "BsAN BxAN BxAN BxAN BxAN BxAN BxAN "]
				}, 
				{
					"name":	"SnowCastleWallWest",
					"hcount":	7,
					"vcount":	2,
					"tiles":	["BwAM BwAQ BwAT BsAG BsAI BsAI ByAM ", "BwAM BwAP BwAU BsAF BsAI BsAI ByAM "]
				}, 
				{
					"name":	"SnowCastleWallEast",
					"hcount":	7,
					"vcount":	2,
					"tiles":	["BzAM BtAI BtAI BtAF BxAU BxAP BxAM ", "BzAM BtAI BtAI BtAG BxAT BxAQ BxAM "]
				}, 
				{
					"name":	"SnowCastleWallNorth",
					"hcount":	2,
					"vcount":	7,
					"tiles":	["BwAN BwAN ", "BwAO BxAO ", "BxAS BwAS ", "BsAE BtAE ", "BsAJ BsAJ ", "BsAJ BsAJ ", "ByAN ByAN "]
				}, 
				{
					"name":	"SnowCastleWallSouth",
					"hcount":	2,
					"vcount":	7,
					"tiles":	["BzAN BzAN ", "BtAJ BtAJ ", "BtAJ BtAJ ", "BtAH BsAH ", "BwAV BxAV ", "BwAR BxAR ", "BxAN BxAN "]
				}, 
				{
					"name":	"SnowCastleInsideCornerNW",
					"hcount":	7,
					"vcount":	7,
					"tiles":	["BuAM BwAP BwAU BsAG BsAI BsAI ByAM ", "BwAO BuAO BwAT BsAF BsAI BsAI ByAM ", "BwAS BxAS BuAQ BsAG BsAI BsAI ByAM ", "BtAE BsAE BtAE BuAS BsAI BsAI ByAM ", "BsAJ BsAJ BsAJ BsAJ BuAU BsAI ByAM ", "BsAJ BsAJ BsAJ BsAJ BsAJ BuAU ByAM ", "ByAN ByAN ByAN ByAN ByAN ByAN BzAP "]
				}, 
				{
					"name":	"SnowCastleInsideCornerNE",
					"hcount":	7,
					"vcount":	7,
					"tiles":	["BzAM BtAI BtAI BtAF BxAU BxAQ BvAM ", "BzAM BtAI BtAI BtAG BxAT BvAO BxAO ", "BzAM BtAI BtAI BtAF BvAQ BxAS BwAS ", "BzAM BtAI BtAI BvAS BtAE BsAE BtAE ", "BzAM BtAI BvAU BsAJ BsAJ BsAJ BsAJ ", "BzAM BvAU BsAJ BsAJ BsAJ BsAJ BsAJ ", "ByAP ByAN ByAN ByAN ByAN ByAN ByAN "]
				}, 
				{
					"name":	"SnowCastleInsideCornerSE",
					"hcount":	7,
					"vcount":	7,
					"tiles":	["ByAO BzAN BzAN BzAN BzAN BzAN BzAN ", "BzAM BvAV BtAJ BtAJ BtAJ BtAJ BtAJ ", "BzAM BtAI BvAV BtAJ BtAJ BtAJ BtAJ ", "BzAM BtAI BtAI BvAT BtAH BsAH BtAH ", "BzAM BtAI BtAI BtAF BvAR BxAV BwAV ", "BzAM BtAI BtAI BtAG BxAT BvAP BxAR ", "BzAM BtAI BtAI BtAF BxAU BxAP BvAN "]
				}, 
				{
					"name":	"SnowCastleInsideCornerSW",
					"hcount":	7,
					"vcount":	7,
					"tiles":	["BzAN BzAN BzAN BzAN BzAN BzAN BzAO ", "BtAJ BtAJ BtAJ BtAJ BtAJ BuAV ByAM ", "BtAJ BtAJ BtAJ BtAJ BuAV BsAI ByAM ", "BtAH BsAH BtAH BuAT BsAI BsAI ByAM ", "BxAV BwAV BuAR BsAF BsAI BsAI ByAM ", "BxAR BuAP BwAT BsAG BsAI BsAI ByAM ", "BuAN BwAP BwAU BsAF BsAI BsAI ByAM "]
				}, 
				{
					"name":	"SnowCastleStairs",
					"hcount":	4,
					"vcount":	4,
					"tiles":	["BoAc BpAc BqAc BrAc ", "BoAd BpAd BqAd BrAd ", "BoAe BpAe BqAe BrAe ", "BoAf BpAf BqAf BrAf "]
				}, 
				{
					"name":	"SnowCastleDoorNorth",
					"hcount":	4,
					"vcount":	3,
					"tiles":	["BwAA BxAA BxAA ByAA ", "BrAT BLAI BLAI BzAA ", "BrAU BmAb BmAb BzAB "]
				}, 
				{
					"name":	"SnowCastleDoorEast",
					"hcount":	3,
					"vcount":	4,
					"tiles":	["BuAA BvAA BrAJ ", "BqAM BJAT BrAK ", "BqAM BJAT BrAL ", "BuAB BvAB BrAL "]
				}, 
				{
					"name":	"SnowCastleDoorSouth",
					"hcount":	4,
					"vcount":	3,
					"tiles":	["BsAK BpAM BpAM BtAK ", "BsAL BJAT BJAT BtAL ", "BwAB BxAB BxAB ByAB "]
				}, 
				{
					"name":	"SnowCastleDoorWest",
					"hcount":	3,
					"vcount":	4,
					"tiles":	["BqAJ BsAA BtAA ", "BqAK BLAI BrAM ", "BqAK BLAI BrAM ", "BqAL BsAB BtAB "]
				}, 
				{
					"name":	"SnowCastleCurtainWest",
					"hcount":	4,
					"vcount":	2,
					"tiles":	["BwAK BxAK ByAK BzAK ", "BwAL BxAL ByAL BzAL "]
				}, 
				{
					"name":	"SnowCastleCurtainEast",
					"hcount":	4,
					"vcount":	2,
					"tiles":	["BwAE BxAE ByAE BzAE ", "BwAF BxAF ByAF BzAF "]
				}, 
				{
					"name":	"SnowCastlePillar",
					"hcount":	2,
					"vcount":	4,
					"tiles":	["BuAI BvAI ", "BuAJ BvAJ ", "BuAK BvAK ", "BuAL BvAL "]
				}, 
				{
					"name":	"SnowCastlePillarNorth",
					"hcount":	2,
					"vcount":	4,
					"tiles":	["ByAG BzAG ", "ByAH BzAH ", "ByAI BzAI ", "ByAJ BzAJ "]
				}, 
				{
					"name":	"SnowCastlePillarWest",
					"hcount":	4,
					"vcount":	2,
					"tiles":	["BsAC BtAC BuAC BvAC ", "BsAD BtAD BuAD BvAD "]
				}, 
				{
					"name":	"SnowCastlePillarSouth",
					"hcount":	2,
					"vcount":	4,
					"tiles":	["BwAG BxAG ", "BwAH BxAH ", "BwAI BxAI ", "BwAJ BxAJ "]
				}, 
				{
					"name":	"SnowCastlePillarEast",
					"hcount":	4,
					"vcount":	2,
					"tiles":	["BwAC BxAC ByAC BzAC ", "BwAD BxAD ByAD BzAD "]
				}, 
				{
					"name":	"SnowCastleFloorSand",
					"hcount":	2,
					"vcount":	2,
					"tiles":	["BoAL BoAL ", "BoAL BoAL "]
				}]
		}, 
		{
			"name":	"Volcano",
			"objects":	[
				{
					"name":	"VolcanoObisidan Ground",
					"hcount":	2,
					"vcount":	2,
					"tiles":	["BYAH BYAH ", "BYAH BYAH "]
				}, 
				{
					"name":	"VolcanoAsh Ground",
					"hcount":	2,
					"vcount":	2,
					"tiles":	["BbAK BbAK ", "BbAK BbAK "]
				}, 
				{
					"name":	"VolcanoAsh Ground 2",
					"hcount":	2,
					"vcount":	2,
					"tiles":	["BaAK BdAS ", "BdAS BaAK "]
				}, 
				{
					"name":	"VolcanoObsidian Crystals",
					"hcount":	2,
					"vcount":	1,
					"tiles":	["BQAA BRAA "]
				}, 
				{
					"name":	"VolcanoHot Ground",
					"hcount":	2,
					"vcount":	2,
					"tiles":	["BgAL BhAL ", "BgAM BhAM "]
				}, 
				{
					"name":	"VolcanoLava Flower",
					"hcount":	1,
					"vcount":	1,
					"tiles":	["BQAB "]
				}, 
				{
					"name":	"VolcanoCrystal Post",
					"hcount":	1,
					"vcount":	2,
					"tiles":	["BRAB ", "BRAC "]
				}, 
				{
					"name":	"VolcanoCrystal Post Down",
					"hcount":	1,
					"vcount":	2,
					"tiles":	["BRAB ", "BQAC "]
				}, 
				{
					"name":	"VolcanoCrystal Post Connector",
					"hcount":	1,
					"vcount":	2,
					"tiles":	["BQAG ", "BQAH "]
				}, 
				{
					"name":	"VolcanoWalk Stone",
					"hcount":	2,
					"vcount":	1,
					"tiles":	["BQAD BRAD "]
				}, 
				{
					"name":	"VolcanoBush",
					"hcount":	2,
					"vcount":	2,
					"tiles":	["BSAA BTAA ", "BSAB BTAB "]
				}, 
				{
					"name":	"VolcanoSign",
					"hcount":	2,
					"vcount":	2,
					"tiles":	["BiAF BjAF ", "BiAG BjAG "]
				}, 
				{
					"name":	"VolcanoBlack Rock",
					"hcount":	2,
					"vcount":	2,
					"tiles":	["BSAC BTAC ", "BSAD BTAD "]
				}, 
				{
					"name":	"VolcanoHouse",
					"hcount":	13,
					"vcount":	14,
					"tiles":	["BQAE BRAE BSAE BTAE BTAE BTAE BTAE BTAE BTAE BVAE BWAE BXAE BfAf ", "BQAF BRAF BSAF BTAF BUAF BUAF BUAF BUAF BTAF BVAF BRAF BXAF BSAH ", "BQAF BRAF BSAF BUAF BUAF BUAF BUAF BUAF BUAF BVAF BRAF BXAF BSAI ", "BQAF BRAF BSAF BUAF BUAF BUAF BUAF BUAF BUAF BVAF BRAF BXAF BSAI ", "BQAF BRAF BSAF BUAF BUAF BUAF BUAF BUAF BUAF BVAF BRAF BXAF BSAI ", "BQAF BRAF BSAF BTAF BUAF BUAF BUAF BUAF BTAF BVAF BRAF BXAF BSAI ", "BQAF BRAG BSAG BTAG BTAG BTAG BTAG BTAG BTAG BWAF BUAK BXAF BSAI ", "BQAF BRAH BRAF BRAF BRAF BRAF BRAF BRAF BRAF BRAF BUAL BXAF BSAI ", "BQAI BRAI BRAF BRAF BUAG BVAG BWAG BXAG BRAF BRAF BUAM BXAF BSAI ", "BQAJ BRAJ BRAJ BRAJ BUAH BVAH BWAH BXAH BRAJ BRAJ BRAJ BTAH BSAI ", "BQAK BRAK BSAK BTAK BUAI BVAI BWAI BXAI BRAK BSAK BTAK BTAI BSAI ", "BQAL BRAL BSAL BTAL BUAJ BVAJ BWAJ BXAJ BRAL BSAL BTAL BTAJ BSAJ ", "BfAf BfAf BfAf BfAf BUAE BQAD BRAD BUAE BfAf BfAf BfAf BfAf BfAf ", "BfAf BfAf BfAf BfAf BQAD BRAD BQAD BRAD BfAf BfAf BfAf BfAf BfAf "]
				}, 
				{
					"name":	"VolcanoHouse 2",
					"hcount":	13,
					"vcount":	14,
					"tiles":	["BlAb BkAb BkAb BkAb BkAb BkAb BkAb BkAb BkAb BkAb BkAb BlAe BfAf ", "BlAc BjAd BiAd BjAd BiAd BjAd BiAd BjAd BiAd BjAd BiAd BlAf BSAH ", "BlAc BjAd BiAd BjAd BiAd BjAd BiAd BjAd BiAd BjAd BiAd BlAf BSAI ", "BlAc BjAd BiAd BjAd BiAd BjAd BiAd BjAd BiAd BjAd BiAd BlAf BSAI ", "BlAc BjAd BiAd BjAd BiAd BjAd BiAd BjAd BiAd BjAd BiAd BlAf BSAI ", "BlAc BjAd BiAd BjAd BiAd BjAd BiAd BjAd BiAd BjAd BiAd BlAf BSAI ", "BlAc BjAd BiAd BjAd BiAd BjAd BiAd BjAd BiAd BjAd BiAd BlAf BSAI ", "BlAc BjAd BiAd BjAd BiAd BjAd BiAd BjAd BiAd BjAd BiAd BlAf BSAI ", "BlAd BjAd BiAd BjAd BgAb BhAb BgAc BhAc BiAd BjAd BiAd BlAf BSAI ", "BgAd BhAd BhAd BhAd BUAH BVAH BWAH BXAH BhAd BhAd BhAd BkAd BSAI ", "BgAe BhAe BiAe BjAe BUAI BVAI BWAI BXAI BhAe BiAe BjAe BkAe BSAI ", "BgAf BhAf BiAf BjAf BUAJ BVAJ BWAJ BXAJ BhAf BiAf BjAf BkAf BSAJ ", "BfAf BfAf BfAf BfAf BUAE BQAD BRAD BUAE BfAf BfAf BfAf BfAf BfAf ", "BfAf BfAf BfAf BfAf BQAD BRAD BQAD BRAD BfAf BfAf BfAf BfAf BfAf "]
				}, 
				{
					"name":	"VolcanoLamp",
					"hcount":	2,
					"vcount":	4,
					"tiles":	["BmAc BnAc ", "BmAd BnAd ", "BmAe BnAe ", "BmAf BnAf "]
				}, 
				{
					"name":	"VolcanoGrey Stone",
					"hcount":	6,
					"vcount":	8,
					"tiles":	["BYAH BfAU BcAU BdAU BcAW BYAH ", "BfAU BfAV BcAV BdAV BbAW BcAW ", "BeAV BdAV BdAV BcAV BdAV BdAW ", "BeAV BdAV BcAV BdAV BbAe BcAX ", "BeAV BdAV BdAV BbAe BbAf BcAY ", "BeAV BdAV BbAe BbAf BcAY BYAH ", "BZAa BbAc BbAf BcAY BYAH BYAH ", "BaAY BbAd BcAY BYAH BYAH BYAH "]
				}, 
				{
					"name":	"VolcanoRock Boulder",
					"hcount":	4,
					"vcount":	4,
					"tiles":	["BSAW BTAW BUAW BVAW ", "BSAX BTAX BUAX BVAX ", "BSAY BTAY BUAY BVAY ", "BSAZ BTAZ BUAZ BVAZ "]
				}, 
				{
					"name":	"VolcanoPost",
					"hcount":	2,
					"vcount":	2,
					"tiles":	["BaAU BbAU ", "BaAV BbAV "]
				}, 
				{
					"name":	"VolcanoLava Rock",
					"hcount":	2,
					"vcount":	2,
					"tiles":	["BWAU BXAU ", "BWAV BXAV "]
				}, 
				{
					"name":	"VolcanoCrystal & Ash Powder",
					"hcount":	2,
					"vcount":	2,
					"tiles":	["BUAa BVAa ", "BUAb BVAb "]
				}, 
				{
					"name":	"VolcanoCrystal & Ash Powder 2",
					"hcount":	2,
					"vcount":	2,
					"tiles":	["BYAe BZAe ", "BYAf BZAf "]
				}, 
				{
					"name":	"VolcanoPlatform Up",
					"hcount":	2,
					"vcount":	4,
					"tiles":	["BeAJ BfAJ ", "BeAK BfAK ", "BeAL BfAL ", "BYAK BYAK "]
				}, 
				{
					"name":	"VolcanoPlatform NorthWest",
					"hcount":	6,
					"vcount":	6,
					"tiles":	["BYAH BYAH BYAH BYAH BWAM BeAJ ", "BYAH BYAH BYAH BQAP BWAN BeAK ", "BYAH BYAH BQAP BWAN BVAR BTAP ", "BYAH BQAP BWAN BVAR BTAP BYAW ", "BQAP BWAN BVAR BTAP BYAW BZAW ", "BWAN BVAR BTAP BYAW BZAW BYAH "]
				}, 
				{
					"name":	"VolcanoPlatform NorthEast",
					"hcount":	6,
					"vcount":	6,
					"tiles":	["BfAJ BdAM BYAH BYAH BYAH BYAH ", "BfAK BdAN BVAQ BYAH BYAH BYAH ", "BSAQ BTAQ BdAN BVAQ BYAH BYAH ", "BZAY BSAQ BTAQ BdAN BVAQ BYAH ", "BYAY BZAY BSAQ BTAQ BdAN BVAQ ", "BYAH BYAY BZAY BSAQ BTAQ BdAN "]
				}, 
				{
					"name":	"VolcanoPlatform East",
					"hcount":	4,
					"vcount":	2,
					"tiles":	["BQAR BRAR BSAR BTAR ", "BQAR BRAS BSAS BTAS "]
				}, 
				{
					"name":	"VolcanoPlatform West",
					"hcount":	4,
					"vcount":	2,
					"tiles":	["BSAN BTAN BUAN BVAN ", "BSAO BTAO BUAO BVAN "]
				}, 
				{
					"name":	"VolcanoPlatform South",
					"hcount":	2,
					"vcount":	6,
					"tiles":	["BZAK BZAK ", "BZAL BaAL ", "BZAM BaAM ", "BZAN BaAN ", "BZAO BaAO ", "BZAP BaAP "]
				}, 
				{
					"name":	"VolcanoPlatform East",
					"hcount":	3,
					"vcount":	8,
					"tiles":	["BYAH BcAO BdAO ", "BcAO BcAP BdAP ", "BcAP BcAK BdAK ", "BbAL BcAL BdAL ", "BbAM BcAM BYAH ", "BbAN BcAN BYAH ", "BbAO BYAH BYAH ", "BcAN BYAH BYAH "]
				}, 
				{
					"name":	"VolcanoAsh Platform North",
					"hcount":	2,
					"vcount":	6,
					"tiles":	["BeAJ BfAJ ", "BfAI BfAI ", "BeAK BfAK ", "BYAJ BZAJ ", "BYAI BVAO ", "BaAK BaAK "]
				}, 
				{
					"name":	"VolcanoAsh Platform West",
					"hcount":	6,
					"vcount":	2,
					"tiles":	["BSAN BTAN BUAR BTAN BUAN BaAK ", "BSAO BTAO BUAS BTAO BUAO BaAK "]
				}, 
				{
					"name":	"VolcanoAsh Platform East",
					"hcount":	6,
					"vcount":	2,
					"tiles":	["BaAK BRAR BSAR BaAa BSAR BfAM ", "BaAK BRAS BSAS BaAb BSAS BfAN "]
				}, 
				{
					"name":	"VolcanoAsh Projection",
					"hcount":	10,
					"vcount":	6,
					"tiles":	["BQAW BRAW BYAL BbAK BaAK BaAK BbAK BbAL BeAM BfAM ", "BQAX BYAN BYAM BYAL BZAL BaAL BbAL BbAM BbAN BfAN ", "BQAZ BQAY BYAN BYAM BZAM BaAM BbAM BbAN BfAO BfAP ", "BYAH BQAZ BRAZ BYAN BZAN BaAN BbAN BfAO BfAP BYAH ", "BYAH BYAH BQAZ BRAZ BZAO BaAO BeAP BfAP BYAH BYAH ", "BYAH BYAH BYAH BQAZ BZAP BaAP BfAP BYAH BYAH BYAH "]
				}, 
				{
					"name":	"VolcanoCave",
					"hcount":	4,
					"vcount":	4,
					"tiles":	["BkAF BlAF BmAF BnAF ", "BkAG BrAA BrAA BnAG ", "BkAH BrAA BrAA BnAH ", "BkAI BlAI BmAI BnAI "]
				}, 
				{
					"name":	"LavaPool",
					"hcount":	6,
					"vcount":	6,
					"tiles":	["BbAK BbAK BhAA BiAA BbAK BbAK ", "BbAK BpAA BhAB BiAB BqAA BbAK ", "BnAA BoAA BnAM BTAT BlAA BmAA ", "BnAB BoAB BiAC BYAS BlAB BmAB ", "BbAK BpAB BjAA BkAA BqAB BbAK ", "BbAK BbAK BjAB BkAB BbAK BbAK "]
				}, 
				{
					"name":	"LavaPool Small",
					"hcount":	6,
					"vcount":	5,
					"tiles":	["BYAH BWAb BUAc BVAc BXAd BYAH ", "BWAb BWAc BeAY BeAY BXAe BXAd ", "BUAd BeAY BVAf BUAf BeAY BbAb ", "BWAa BWAZ BeAY BeAY BXAb BXAc ", "BYAH BWAa BWAf BXAf BXAc BYAH "]
				}, 
				{
					"name":	"LavaDeep",
					"hcount":	4,
					"vcount":	4,
					"tiles":	["BYAc BYAd BZAd BfAY ", "BYAa BTAU BUAU BbAZ ", "BYAb BSAU BSAV BbAa ", "BZAc BYAZ BZAZ BZAb "]
				}, 
				{
					"name":	"LavaRock",
					"hcount":	2,
					"vcount":	2,
					"tiles":	["BVAd BWAd ", "BVAe BWAe "]
				}, 
				{
					"name":	"LavaBubble Big",
					"hcount":	2,
					"vcount":	1,
					"tiles":	["BTAU BUAU "]
				}, 
				{
					"name":	"LavaSmall Bubble",
					"hcount":	1,
					"vcount":	1,
					"tiles":	["BSAV "]
				}, 
				{
					"name":	"LavaFalls",
					"hcount":	10,
					"vcount":	6,
					"tiles":	["BjAM BkAM BjAM BkAM BjAM BkAM BjAM BkAM BjAM BkAM ", "BiAD BjAD BkAD BjAD BkAD BjAD BkAD BjAD BkAD BjAE ", "BlAD BmAD BnAD BoAD BnAD BoAD BnAD BoAD BkAE BlAE ", "BSAS BpAD BnAD BoAD BnAD BoAD BnAD BoAD BmAE BgAD ", "BSAR BgAE BhAE BiAE BhAE BiAE BhAE BiAE BnAE BgAC ", "BSAS BXAR BYAR BZAR BpAC BqAC BdAd BeAd BfAd BgAD "]
				}, 
				{
					"name":	"LavaNorth",
					"hcount":	2,
					"vcount":	9,
					"tiles":	["BoAG BpAG ", "BoAH BpAH ", "BZAL BaAL ", "BZAM BaAM ", "BZAN BaAN ", "BZAO BaAO ", "BoAI BpAI ", "BoAJ BpAJ ", "BoAK BpAK "]
				}, 
				{
					"name":	"LavaNorthWest",
					"hcount":	8,
					"vcount":	10,
					"tiles":	["BYAH BYAH BYAH BYAH BYAH BYAH BYAH BcAO ", "BYAH BYAH BYAH BYAH BYAH BYAH BcAO BcAP ", "BYAH BYAH BYAH BYAH BYAH BcAO BcAP BbAL ", "BYAH BYAH BYAH BYAH BcAO BcAP BbAL BeAN ", "BYAH BYAH BYAH BcAO BcAP BbAL BbAM BeAO ", "BYAH BYAH BcAO BcAP BbAL BeAN BbAN BfAO ", "BYAH BcAO BcAP BbAL BbAM BeAO BeAP BWAS ", "BcAO BcAP BbAL BeAN BbAN BfAO BWAS BXAS ", "BQAR BRAR BXAT BeAO BeAP BWAS BXAS BYAS ", "BQAR BRAS BSAS BfAO BWAS BXAS BYAS BSAU "]
				}, 
				{
					"name":	"LavaNorthEast",
					"hcount":	8,
					"vcount":	11,
					"tiles":	["BnAC BYAH BYAH BYAH BYAH BYAH BYAH BYAH ", "BmAC BnAC BYAH BYAH BYAH BYAH BYAH BYAH ", "BlAC BmAC BnAC BYAH BYAH BYAH BYAH BYAH ", "BTAQ BlAC BmAC BnAC BYAH BYAH BYAH BYAH ", "BSAQ BTAQ BlAC BmAC BnAC BYAH BYAH BYAH ", "BRAY BSAQ BTAQ BlAC BmAC BnAC BYAH BYAH ", "BQAY BRAY BSAQ BTAQ BlAC BmAC BnAC BYAH ", "BkAC BQAY BRAY BSAQ BTAQ BlAC BmAC BnAC ", "BjAC BkAC BQAY BRAY BSAQ BTAQ BlAC BmAC ", "BiAC BjAC BkAC BQAY BRAY BdAY BhAC BrAF ", "BSAU BiAC BjAC BkAC BQAY BgAD BhAD BrAG "]
				}, 
				{
					"name":	"LavaEast",
					"hcount":	6,
					"vcount":	2,
					"tiles":	["BdAc BeAc BfAc BTAN BUAN BnAK ", "BdAd BeAd BfAd BTAO BUAO BnAJ "]
				}, 
				{
					"name":	"LavaWest",
					"hcount":	6,
					"vcount":	2,
					"tiles":	["BWAQ BRAR BSAR BXAQ BYAQ BZAQ ", "BWAR BRAS BSAS BXAR BYAR BZAR "]
				}, 
				{
					"name":	"LavaNE Turn",
					"hcount":	7,
					"vcount":	4,
					"tiles":	["BdAd BeAd BfAd BTAO BlAC BmAC BnAC ", "BdAc BeAc BfAc BRAW BYAL BlAC BmAC ", "BdAd BeAd BfAd BYAN BRAX BYAL BlAC ", "BiAC BjAC BkAC BQAY BRAY BRAX BYAL "]
				}, 
				{
					"name":	"LavaSouthEast",
					"hcount":	7,
					"vcount":	7,
					"tiles":	["BnAM BoAM BoAC BVAR BTAP BqAD BqAE ", "BoAM BoAC BVAR BTAP BqAD BqAE BqAF ", "BoAC BVAR BTAP BqAD BqAE BqAF BYAH ", "BVAR BTAP BqAD BqAE BqAF BYAH BYAH ", "BYAI BqAD BqAE BqAF BYAH BYAH BYAH ", "BaAS BoAE BqAF BYAH BYAH BQAA BRAA ", "BZAT BqAF BYAH BYAH BYAH BYAH BYAH "]
				}, 
				{
					"name":	"LavaSouth",
					"hcount":	2,
					"vcount":	6,
					"tiles":	["BeAQ BfAQ ", "BeAR BfAR ", "BeAS BfAS ", "BeAL BfAL ", "BZAS BaAS ", "BZAT BaAT "]
				}, 
				{
					"name":	"LavaSW Sliver",
					"hcount":	2,
					"vcount":	9,
					"tiles":	["BTAT BSAU ", "BSAT BTAT ", "BRAT BSAT ", "BTAQ BRAT ", "BSAQ BTAQ ", "BQAT BSAQ ", "BaAQ BQAT ", "BaAR BaAQ ", "BYAH BaAR "]
				}, 
				{
					"name":	"LavaBridge East/West",
					"hcount":	5,
					"vcount":	5,
					"tiles":	["BoAN BqAN BqAN BqAN BrAN ", "BoAO BpAO BqAO BpAO BrAO ", "BnAP BrAP BrAP BrAP BrAP ", "BoAQ BqAN BqAN BqAN BpAQ ", "BoAP BpAP BqAP BpAP BqAQ "]
				}, 
				{
					"name":	"LavaBridge North/South",
					"hcount":	7,
					"vcount":	5,
					"tiles":	["BrAQ BnAR BoAR BpAR BpAR BqAS BqAR ", "BrAR BnAT BoAT BpAR BpAR BnAS BpAT ", "BrAR BnAS BoAS BpAR BpAR BnAS BpAS ", "BrAR BnAT BoAT BpAR BpAR BnAS BpAT ", "BrAS BnAU BoAU BnAV BnAV BqAT BpAU "]
				}, 
				{
					"name":	"LavaPlatform",
					"hcount":	4,
					"vcount":	4,
					"tiles":	["BmAX BnAX BoAX BpAX ", "BmAY BnAY BoAY BpAY ", "BmAZ BnAZ BoAZ BpAZ ", "BmAa BnAa BoAa BpAa "]
				}]
		}]
}